"MaxCapacity","Capacity"
540,81
540,80
540,81
540,82
540,83
540,84
540,83
540,84
540,85
540,86
540,87
540,86
540,87
540,86
540,87
540,88
540,89
540,90
540,91
540,90
540,89
540,90
540,89
540,90
540,91
540,90
540,91
540,90
540,91
540,92
540,93
540,92
540,93
540,94
540,95
540,96
540,95
540,94
540,95
540,96
540,95
540,94
540,95
540,94
540,95
540,96
540,95
540,94
540,95
540,96
540,97
540,98
540,99
540,100
540,101
540,100
540,101
540,100
540,101
540,102
540,103
540,104
540,105
540,104
540,105
540,106
540,107
540,108
540,107
540,106
540,107
540,108
540,109
540,108
540,107
540,106
540,107
540,106
540,105
540,106
540,107
540,108
540,109
540,110
540,109
540,108
540,109
540,110
540,111
540,112
540,113
540,112
540,111
540,112
540,113
540,112
540,111
540,112
540,113
540,114
540,113
540,112
540,113
540,114
540,115
540,116
540,117
540,118
540,119
540,120
540,121
540,120
540,121
540,120
540,119
540,118
540,119
540,118
540,119
540,120
540,121
540,122
540,121
540,122
540,123
540,124
540,125
540,126
540,127
540,126
540,127
540,128
540,129
540,130
540,131
540,132
540,133
540,134
540,135
540,134
540,135
540,136
540,137
540,138
540,139
540,140
540,141
540,140
540,141
540,142
540,143
540,142
540,143
540,142
540,143
540,144
540,145
540,146
540,145
540,146
540,145
540,146
540,147
540,148
540,149
540,150
540,151
540,152
540,151
540,152
540,151
540,150
540,151
540,152
540,151
540,152
540,153
540,154
540,153
540,154
540,153
540,154
540,153
540,154
540,153
540,152
540,151
540,152
540,153
540,152
540,153
540,154
540,155
540,156
540,157
540,158
540,159
540,158
540,159
540,158
540,159
540,160
540,161
540,162
540,163
540,164
540,163
540,162
540,163
540,164
540,165
540,166
540,167
540,168
540,167
540,166
540,165
540,164
540,165
540,164
540,165
540,166
540,167
540,168
540,169
540,170
540,171
540,172
540,171
540,172
540,171
540,170
540,169
540,168
540,167
540,168
540,169
540,170
540,169
540,168
540,169
540,168
540,169
540,170
540,171
540,170
540,169
540,170
540,171
540,170
540,171
540,172
540,173
540,172
540,173
540,174
540,175
540,176
540,177
540,176
540,177
540,178
540,179
540,178
540,179
540,180
540,181
540,180
540,181
540,182
540,183
540,184
540,183
540,182
540,183
540,182
540,183
540,184
540,185
540,186
540,187
540,188
540,189
540,190
540,191
540,192
540,193
540,194
540,195
540,196
540,197
540,198
540,199
540,200
540,201
540,202
540,203
540,204
540,203
540,204
540,203
540,204
540,205
540,206
540,207
540,208
540,209
540,208
540,209
540,210
540,211
540,212
540,213
540,214
540,215
540,214
540,215
540,216
540,217
540,216
540,217
540,216
540,215
540,216
540,215
540,216
540,217
540,218
540,219
540,218
540,219
540,220
540,221
540,222
540,223
540,222
540,223
540,222
540,223
540,224
540,225
540,224
540,225
540,224
540,225
540,226
540,227
540,228
540,227
540,228
540,229
540,230
540,231
540,232
540,233
540,234
540,235
540,236
540,237
540,238
540,239
540,240
540,239
540,240
540,241
540,242
540,243
540,244
540,243
540,244
540,245
540,244
540,243
540,244
540,243
540,244
540,245
540,244
540,243
540,242
540,241
540,242
540,243
540,242
540,243
540,244
540,245
540,246
540,247
540,248
540,249
540,250
540,251
540,250
540,249
540,250
540,251
540,252
540,253
540,254
540,255
540,256
540,257
540,258
540,257
540,258
540,257
540,258
540,259
540,260
540,259
540,258
540,259
540,260
540,261
540,260
540,259
540,260
540,261
540,262
540,263
540,262
540,263
540,264
540,265
540,266
540,267
540,268
540,269
540,268
540,269
540,268
540,267
540,268
540,269
540,270
540,271
540,270
540,269
540,268
540,269
540,270
540,269
540,270
540,271
540,272
540,273
540,274
540,275
540,274
540,275
540,276
540,277
540,278
540,279
540,280
540,279
540,280
540,281
540,282
540,281
540,280
540,281
540,282
540,281
540,280
540,279
540,280
540,281
540,280
540,279
540,278
540,279
540,280
540,281
540,282
540,281
540,282
540,283
540,282
540,283
540,284
540,285
540,286
540,287
540,288
540,289
540,290
540,291
540,292
540,293
540,294
540,295
540,296
540,297
540,298
540,299
540,300
540,301
540,302
540,301
540,302
540,301
540,302
540,303
540,304
540,305
540,304
540,305
540,306
540,305
540,306
540,305
540,304
540,305
540,304
540,305
540,306
540,305
540,304
540,305
540,304
540,305
540,306
540,307
540,306
540,307
540,306
540,307
540,308
540,309
540,308
540,309
540,310
540,311
540,310
540,311
540,312
540,313
540,314
540,315
540,316
540,317
540,318
540,317
540,316
540,317
540,318
540,319
540,318
540,319
540,318
540,317
540,318
540,319
540,318
540,319
540,320
540,321
540,320
540,321
540,322
540,323
540,324
540,323
540,324
540,323
540,324
540,325
540,326
540,325
540,324
540,323
540,322
540,321
540,322
540,323
540,322
540,323
540,322
540,323
540,324
540,325
540,326
540,327
540,328
540,329
540,328
540,329
540,330
540,331
540,330
540,329
540,328
540,329
540,328
540,329
540,330
540,331
540,332
540,333
540,334
540,333
540,334
540,333
540,332
540,333
540,334
540,335
540,336
540,337
540,336
540,337
540,338
540,337
540,338
540,339
540,340
540,341
540,340
540,341
540,342
540,343
540,342
540,341
540,342
540,341
540,342
540,343
540,344
540,345
540,346
540,347
540,348
540,347
540,348
540,349
540,350
540,349
540,350
540,351
540,352
540,351
540,352
540,353
540,354
540,355
540,356
540,355
540,356
540,357
540,358
540,359
540,360
540,361
540,360
540,361
540,360
540,361
540,360
540,361
540,362
540,363
540,364
540,365
540,366
540,367
540,366
540,367
540,366
540,367
540,366
540,367
540,368
540,369
540,370
540,371
540,372
540,373
540,374
540,375
540,374
540,375
540,376
540,377
540,378
540,379
540,380
540,381
540,382
540,383
540,384
540,383
540,384
540,385
540,386
540,387
540,386
540,385
540,386
540,387
540,388
540,389
540,390
540,389
540,390
540,389
540,390
540,391
540,392
540,393
540,394
540,395
540,396
540,395
540,396
540,397
540,398
540,399
540,400
540,401
540,402
540,403
540,402
540,403
540,404
540,403
540,402
540,403
540,404
540,405
540,406
540,407
540,408
540,407
540,406
540,405
540,406
540,407
540,408
540,409
540,410
540,409
540,410
540,409
540,410
540,411
540,412
540,413
540,412
540,413
540,414
540,415
540,414
540,415
540,414
540,415
540,416
540,417
540,418
540,419
540,418
540,419
540,420
540,421
540,422
540,423
540,422
540,423
540,424
540,425
540,426
540,427
540,428
540,429
540,428
540,429
540,428
540,429
540,428
540,429
540,428
540,429
540,430
540,429
540,430
540,431
540,432
540,433
540,434
540,433
540,432
540,433
540,434
540,433
540,432
540,433
540,434
540,435
540,436
540,437
540,436
540,437
540,436
540,435
540,436
540,437
540,438
540,439
540,438
540,439
540,440
540,441
540,442
540,443
540,444
540,445
540,446
540,445
540,444
540,445
540,446
540,445
540,446
540,447
540,448
540,449
540,450
540,449
540,450
540,451
540,450
540,449
540,450
540,451
540,450
540,449
540,450
540,451
540,450
540,451
540,452
540,453
540,454
540,455
540,456
540,455
540,456
540,457
540,458
540,459
540,460
540,461
540,462
540,463
540,462
540,463
540,462
540,463
540,464
540,465
540,466
540,465
540,466
540,465
540,466
540,467
540,468
540,469
540,470
540,471
540,470
540,471
540,472
540,471
540,472
540,473
540,472
540,473
540,474
540,473
540,474
540,473
540,472
540,473
540,472
540,471
540,472
540,473
540,472
540,473
540,474
540,473
540,472
540,471
540,472
540,471
540,470
540,469
540,468
540,469
540,470
540,469
540,468
540,469
540,470
540,469
540,468
540,469
540,470
540,471
540,470
540,469
540,468
540,467
540,468
540,469
540,470
540,469
540,470
540,471
540,470
540,471
540,472
540,471
540,470
540,471
540,472
540,473
540,472
540,471
540,472
540,471
540,472
540,473
540,474
540,475
540,476
540,477
540,478
540,479
540,480
540,481
540,482
540,483
540,482
540,483
540,482
540,483
540,482
540,483
540,484
540,485
540,484
540,483
540,484
540,485
540,484
540,483
540,484
540,485
540,486
540,485
540,484
540,485
540,486
540,487
540,488
540,487
540,488
540,489
540,490
540,491
540,490
540,489
540,488
540,489
540,488
540,487
540,486
540,487
540,488
540,487
540,488
540,489
540,488
540,489
540,490
540,489
540,490
540,491
540,492
540,493
540,492
540,493
540,494
540,493
540,492
540,493
540,494
540,495
540,494
540,495
540,496
540,497
540,496
540,497
540,498
540,499
540,500
540,499
540,500
540,501
540,500
540,501
540,502
540,503
540,504
540,505
540,506
540,505
540,506
540,507
540,508
540,509
540,508
540,509
540,508
540,509
540,510
540,511
540,512
540,513
540,514
540,515
540,516
540,517
540,518
540,517
540,518
540,519
540,520
540,519
540,518
540,519
540,520
540,521
540,522
540,523
540,524
540,523
540,522
540,521
540,522
540,523
540,524
540,525
540,526
540,525
540,526
540,525
540,524
540,523
540,524
540,525
540,526
540,525
540,526
540,527
540,528
540,527
540,526
540,527
540,526
540,527
540,526
540,525
540,526
540,525
540,526
540,527
540,526
540,527
540,528
540,527
540,528
540,529
540,530
540,531
540,532
540,533
540,534
540,535
540,536
540,537
540,538
540,539
540,538
540,539
540,540
540,541
540,542
540,543
540,544
540,543
540,544
540,545
540,546
540,547
540,546
540,547
540,548
540,547
540,548
540,549
540,550
540,551
540,552
540,551
540,552
540,553
540,552
540,553
540,554
540,555
540,554
540,555
540,556
540,557
540,558
540,559
540,558
540,559
540,560
540,559
540,560
540,561
540,562
540,563
540,562
540,563
540,564
540,565
540,566
540,565
540,566
540,567
540,566
540,567
540,566
540,567
540,566
540,567
540,568
540,567
540,566
540,567
540,566
540,567
540,566
540,565
540,566
540,567
540,568
540,567
540,566
540,567
540,566
540,567
540,568
540,567
540,568
540,567
540,568
540,569
540,570
540,571
540,572
540,571
540,572
540,573
540,574
540,575
540,576
540,577
540,576
540,577
540,578
540,579
540,578
540,579
540,578
540,579
540,580
540,581
540,580
540,581
540,582
540,583
540,584
540,585
540,586
540,585
540,586
540,587
540,586
540,585
540,586
540,587
540,588
540,589
540,588
540,589
540,588
540,589
540,590
540,591
540,592
540,593
540,592
540,593
540,594
540,595
540,596
540,597
540,598
540,599
540,598
540,599
540,598
540,597
540,596
540,597
540,598
540,597
540,598
540,599
540,600
540,599
540,600
540,601
540,600
540,599
540,600
540,601
540,602
540,601
540,602
540,601
540,602
540,601
540,602
540,603
540,602
540,603
540,604
540,603
540,604
540,603
540,604
540,605
540,606
540,605
540,606
540,607
540,608
540,607
540,608
540,609
540,610
540,611
540,612
540,611
540,610
540,611
540,612
540,613
540,614
540,613
540,614
540,615
540,614
540,613
540,614
540,615
540,616
540,617
540,618
540,619
540,620
540,619
540,618
540,617
540,618
540,619
540,620
540,621
540,622
540,623
540,624
540,623
540,622
540,621
540,622
540,623
540,624
540,625
540,624
540,625
540,626
540,627
540,628
540,629
540,630
540,631
540,630
540,629
540,630
540,631
540,630
540,631
540,632
540,633
540,632
540,633
540,632
540,633
540,634
540,633
540,634
540,633
540,634
540,633
540,632
540,633
540,634
540,635
540,636
540,637
540,638
540,639
540,640
540,641
540,642
540,643
540,644
540,645
540,644
540,643
540,644
540,645
540,646
540,647
540,648
540,649
540,650
540,649
540,650
540,651
540,652
540,651
540,652
540,653
540,652
540,651
540,652
540,653
540,652
540,653
540,654
540,655
540,656
540,657
540,656
540,657
540,658
540,659
540,660
540,661
540,660
540,661
540,662
540,663
540,664
540,665
540,666
540,665
540,666
540,667
540,666
540,667
540,666
540,665
540,664
540,665
540,666
540,667
540,668
540,669
540,668
540,669
540,668
540,669
540,668
540,669
540,670
540,671
540,672
540,671
540,672
540,673
540,672
540,673
540,674
540,675
540,674
540,675
540,674
540,675
540,676
540,675
540,674
540,675
540,674
540,675
540,676
540,677
540,678
540,679
540,680
540,679
540,680
540,681
540,682
540,683
540,682
540,683
540,682
540,683
540,684
540,683
540,684
540,685
540,684
540,685
540,686
540,685
540,686
540,687
540,688
540,689
540,690
540,691
540,692
540,693
540,692
540,693
540,694
540,693
540,692
540,693
540,694
540,695
540,694
540,695
540,694
540,693
540,692
540,693
540,692
540,693
540,694
540,695
540,694
540,695
540,696
540,697
540,698
540,699
540,700
540,701
540,700
540,699
540,700
540,701
540,702
540,701
540,702
540,701
540,702
540,703
540,704
540,705
540,704
540,705
540,704
540,703
540,704
540,705
540,704
540,703
540,704
540,705
540,706
540,705
540,706
540,705
540,706
540,707
540,706
540,705
540,706
540,707
540,706
540,707
540,708
540,707
540,708
540,707
540,708
540,709
540,710
540,711
540,712
540,713
540,714
540,713
540,714
540,715
540,716
540,717
540,718
540,717
540,718
540,719
540,718
540,719
540,718
540,719
540,720
540,721
540,720
540,719
540,720
540,721
540,720
540,719
540,718
540,719
540,720
540,721
540,722
540,721
540,722
540,721
540,722
540,723
540,724
540,725
540,726
540,727
540,726
540,727
540,728
540,729
540,728
540,727
540,728
540,729
540,730
540,731
540,730
540,731
540,730
540,731
540,732
540,731
540,732
540,731
540,732
540,733
540,734
540,735
540,736
540,735
540,734
540,735
540,736
540,737
540,736
540,735
540,736
540,737
540,736
540,737
540,738
540,739
540,740
540,741
540,742
540,741
540,742
540,741
540,742
540,743
540,744
540,745
540,746
540,747
540,748
540,749
540,750
540,751
540,752
540,751
540,752
540,753
540,754
540,755
540,756
540,757
540,758
540,759
540,760
540,761
540,762
540,763
540,764
540,765
540,766
540,767
540,766
540,765
540,766
540,765
540,766
540,765
540,766
540,765
540,764
540,765
540,766
540,767
540,766
540,767
540,768
540,767
540,766
540,765
540,764
540,763
540,764
540,765
540,764
540,765
540,764
540,765
540,766
540,767
540,766
540,767
540,768
540,769
540,770
540,769
540,770
540,769
540,770
540,771
540,772
540,773
540,774
540,775
540,776
540,777
540,778
540,777
540,778
540,779
540,780
540,781
540,780
540,781
540,782
540,781
540,782
540,783
540,782
540,783
540,782
540,783
540,782
540,781
540,782
540,783
540,784
540,783
540,784
540,785
540,786
540,787
540,786
540,787
540,788
540,789
540,788
540,789
540,788
540,787
540,788
540,787
540,788
540,789
540,790
540,789
540,790
540,791
540,790
540,791
540,790
540,791
540,792
540,791
540,792
540,793
540,794
540,795
540,794
540,795
540,796
540,795
540,796
540,797
540,798
540,799
540,800
540,801
540,802
540,803
540,804
540,805
540,804
540,803
540,804
540,803
540,804
540,803
540,804
540,805
540,806
540,805
540,806
540,805
540,804
540,805
540,806
540,805
540,806
540,807
540,808
540,809
540,808
540,809
540,810
540,811
540,812
540,813
540,812
540,813
540,814
540,813
540,814
540,815
540,814
540,813
540,814
540,815
540,814
540,815
540,816
540,817
540,818
540,817
540,818
540,819
540,818
540,817
540,818
540,817
540,818
540,817
540,818
540,819
540,818
540,819
540,820
540,821
540,822
540,821
540,822
540,823
540,824
540,825
540,826
540,827
540,828
540,827
540,828
540,829
540,828
540,829
540,830
540,829
540,830
540,831
540,830
540,831
540,830
540,829
540,830
540,829
540,830
540,831
540,832
540,833
540,834
540,835
540,836
540,835
540,836
540,835
540,836
540,837
540,838
540,839
540,840
540,841
540,842
540,841
540,840
540,841
540,842
540,843
540,842
540,843
540,844
540,845
540,846
540,845
540,844
540,843
540,844
540,845
540,846
540,845
540,844
540,843
540,842
540,843
540,842
540,841
540,842
540,841
540,842
540,841
540,842
540,841
540,842
540,843
540,844
540,845
540,846
540,845
540,844
540,845
540,846
540,847
540,848
540,847
540,848
540,849
540,848
540,847
540,848
540,849
540,850
540,851
540,850
540,849
540,848
540,847
540,848
540,847
540,848
540,847
540,848
540,849
540,848
540,847
540,846
540,847
540,848
540,849
540,850
540,851
540,852
540,851
540,852
540,853
540,852
540,853
540,854
540,855
540,854
540,853
540,854
540,855
540,856
540,857
540,858
540,857
540,858
540,859
540,860
540,859
540,860
540,861
540,860
540,859
540,860
540,859
540,858
540,857
540,856
540,857
540,858
540,859
540,860
540,861
540,860
540,861
540,862
540,861
540,860
540,861
540,862
540,863
540,864
540,863
540,862
540,863
540,862
540,863
540,864
540,865
540,866
540,865
540,864
540,863
540,864
540,863
540,862
540,863
540,864
540,865
540,866
540,865
540,866
540,865
540,866
540,865
540,864
540,865
540,864
540,865
540,866
540,867
540,868
540,867
540,868
540,869
540,868
540,869
540,870
540,871
540,872
540,871
540,872
540,871
540,872
540,873
540,874
540,875
540,874
540,875
540,876
540,875
540,876
540,875
540,876
540,875
540,874
540,875
540,874
540,875
540,876
540,875
540,874
540,875
540,876
540,877
540,878
540,879
540,878
540,877
540,876
540,875
540,876
540,877
540,878
540,879
540,880
540,879
540,878
540,877
540,876
540,875
540,876
540,877
540,876
540,875
540,876
540,875
540,876
540,875
540,876
540,877
540,878
540,877
540,876
540,877
540,878
540,879
540,878
540,879
540,880
540,879
540,880
540,881
540,880
540,881
540,880
540,881
540,880
540,881
540,882
540,881
540,882
540,883
540,882
540,883
540,882
540,883
540,884
540,885
540,884
540,885
540,886
540,885
540,884
540,885
540,884
540,885
540,886
540,885
540,886
540,887
540,886
540,885
540,886
540,887
540,886
540,887
540,886
540,885
540,884
540,885
540,886
540,887
540,888
540,889
540,890
540,889
540,890
540,889
540,890
540,889
540,890
540,889
540,890
540,889
540,890
540,891
540,892
540,893
540,894
540,895
540,896
540,897
540,898
540,899
540,900
540,901
540,902
540,903
540,902
540,903
540,902
540,903
540,902
540,903
540,902
540,903
540,902
540,901
540,900
540,899
540,898
540,899
540,900
540,899
540,900
540,899
540,898
540,897
540,898
540,897
540,898
540,897
540,896
540,897
540,896
540,897
540,898
540,897
540,898
540,897
540,898
540,899
540,900
540,899
540,898
540,899
540,900
540,899
540,900
540,901
540,900
540,901
540,902
540,901
540,900
540,901
540,900
540,901
540,902
540,901
540,902
540,903
540,904
540,903
540,902
540,903
540,902
540,903
540,902
540,901
540,900
540,901
540,902
540,901
540,902
540,903
540,902
540,903
540,904
540,905
540,904
540,903
540,904
540,903
540,904
540,905
540,904
540,905
540,906
540,907
540,908
540,909
540,908
540,909
540,910
540,911
540,912
540,911
540,912
540,913
540,912
540,911
540,912
540,913
540,914
540,915
540,916
540,917
540,918
540,919
540,918
540,917
540,916
540,917
540,916
540,915
540,914
540,913
540,914
540,915
540,916
540,917
540,916
540,917
540,918
540,919
540,918
540,919
540,920
540,919
540,920
540,919
540,920
540,921
540,922
540,921
540,922
540,921
540,922
540,923
540,924
540,925
540,926
540,927
540,928
540,927
540,926
540,927
540,926
540,925
540,926
540,925
540,926
540,925
540,926
540,927
540,926
540,927
540,928
540,927
540,926
540,927
540,926
540,925
540,924
540,923
540,924
540,925
540,926
540,927
540,928
540,929
540,930
540,931
540,930
540,931
540,932
540,933
540,934
540,935
540,934
540,935
540,934
540,935
540,936
540,935
540,936
540,937
540,936
540,937
540,938
540,939
540,938
540,939
540,940
540,939
540,940
540,941
540,942
540,941
540,940
540,939
540,940
540,939
540,940
540,941
540,942
540,943
540,942
540,943
540,944
540,945
540,944
540,943
540,944
540,945
540,944
540,943
540,942
540,941
540,940
540,941
540,942
540,943
540,944
540,945
540,946
540,947
540,948
540,949
540,948
540,947
540,946
540,947
540,948
540,949
540,950
540,949
540,948
540,947
540,948
540,947
540,948
540,947
540,948
540,949
540,950
540,951
540,952
540,951
540,952
540,953
540,952
540,953
540,954
540,953
540,952
540,951
540,952
540,951
540,952
540,951
540,952
540,953
540,952
540,953
540,954
540,955
540,954
540,955
540,956
540,957
540,958
540,959
540,960
540,959
540,960
540,959
540,960
540,961
540,960
540,961
540,960
540,961
540,962
540,963
540,964
540,965
540,966
540,967
540,968
540,969
540,970
540,971
540,972
540,973
540,972
540,971
540,970
540,971
540,972
540,971
540,970
540,971
540,972
540,973
540,972
540,973
540,972
540,971
540,970
540,969
540,970
540,971
540,970
540,971
540,970
540,971
540,972
540,971
540,970
540,971
540,972
540,973
540,974
540,975
540,976
540,975
540,974
540,973
540,974
540,975
540,974
540,975
540,976
540,975
540,976
540,975
540,974
540,975
540,976
540,977
540,978
540,979
540,980
540,981
540,982
540,983
540,982
540,981
540,980
540,981
540,980
540,979
540,980
540,981
540,980
540,981
540,982
540,983
540,984
540,985
540,986
540,985
540,984
540,985
540,986
540,985
540,986
540,987
540,988
540,989
540,990
540,991
540,992
540,991
540,992
540,993
540,994
540,995
540,996
540,995
540,994
540,995
540,996
540,997
540,998
540,999
540,998
540,997
540,998
540,999
540,1000
540,1001
540,1002
540,1001
540,1002
540,1003
540,1002
540,1003
540,1004
540,1003
540,1004
540,1005
540,1004
540,1003
540,1004
540,1005
540,1006
540,1007
540,1008
540,1007
540,1006
540,1007
540,1008
540,1007
540,1006
540,1007
540,1006
540,1005
540,1006
540,1005
540,1006
540,1007
540,1006
540,1007
540,1008
540,1009
540,1008
540,1009
540,1010
540,1009
540,1010
540,1011
540,1010
540,1009
540,1010
540,1011
540,1010
540,1011
540,1012
540,1013
540,1014
540,1013
540,1014
540,1015
540,1016
540,1017
540,1016
540,1015
540,1014
540,1013
540,1014
540,1013
540,1014
540,1015
540,1014
540,1015
540,1014
540,1015
540,1016
540,1017
540,1016
540,1017
540,1018
540,1019
540,1020
540,1021
540,1022
540,1023
540,1024
540,1025
540,1024
540,1025
540,1026
540,1027
540,1028
540,1027
540,1028
540,1029
540,1028
540,1029
540,1030
540,1029
540,1030
540,1029
540,1028
540,1027
540,1028
540,1029
540,1030
540,1029
540,1028
540,1027
540,1026
540,1025
540,1024
540,1023
540,1024
540,1025
540,1026
540,1027
540,1028
540,1027
540,1028
540,1027
540,1026
540,1027
540,1028
540,1029
540,1030
540,1031
540,1032
540,1033
540,1034
540,1035
540,1036
540,1035
540,1036
540,1035
540,1034
540,1033
540,1034
540,1033
540,1034
540,1033
540,1032
540,1031
540,1030
540,1029
540,1028
540,1027
540,1026
540,1027
540,1026
540,1025
540,1026
540,1025
540,1026
540,1027
540,1026
540,1027
540,1026
540,1025
540,1026
540,1027
540,1028
540,1029
540,1030
540,1031
540,1032
540,1031
540,1030
540,1029
540,1030
540,1031
540,1032
540,1031
540,1032
540,1033
540,1034
540,1035
540,1036
540,1037
540,1038
540,1039
540,1038
540,1039
540,1040
540,1041
540,1040
540,1041
540,1042
540,1041
540,1040
540,1041
540,1042
540,1043
540,1042
540,1041
540,1040
540,1039
540,1038
540,1037
540,1038
540,1037
540,1038
540,1039
540,1038
540,1039
540,1038
540,1037
540,1036
540,1035
540,1034
540,1035
540,1034
540,1033
540,1034
540,1033
540,1032
540,1033
540,1032
540,1033
540,1034
540,1033
540,1034
540,1033
540,1032
540,1031
540,1032
540,1033
540,1032
540,1033
540,1034
540,1035
540,1036
540,1035
540,1036
540,1037
540,1038
540,1039
540,1038
540,1039
540,1040
540,1039
540,1040
540,1039
540,1040
540,1041
540,1040
540,1039
540,1040
540,1039
540,1040
540,1041
540,1040
540,1041
540,1040
540,1041
540,1042
540,1041
540,1040
540,1041
540,1042
540,1043
540,1044
540,1043
540,1042
540,1043
540,1042
540,1041
540,1040
540,1039
540,1038
540,1039
540,1038
540,1037
540,1038
540,1039
540,1038
540,1039
540,1040
540,1041
540,1040
540,1041
540,1042
540,1043
540,1042
540,1043
540,1042
540,1043
540,1042
540,1043
540,1044
540,1045
540,1046
540,1047
540,1048
540,1049
540,1048
540,1049
540,1050
540,1049
540,1048
540,1049
540,1050
540,1051
540,1050
540,1049
540,1048
540,1049
540,1050
540,1051
540,1050
540,1051
540,1052
540,1051
540,1050
540,1051
540,1050
540,1051
540,1052
540,1053
540,1052
540,1051
540,1052
540,1051
540,1050
540,1051
540,1052
540,1053
540,1052
540,1053
540,1054
540,1055
540,1056
540,1057
540,1056
540,1057
540,1056
540,1057
540,1058
540,1059
540,1060
540,1061
540,1062
540,1061
540,1062
540,1063
540,1062
540,1063
540,1064
540,1063
540,1064
540,1063
540,1064
540,1063
540,1064
540,1063
540,1064
540,1065
540,1064
540,1065
540,1064
540,1063
540,1064
540,1063
540,1064
540,1063
540,1062
540,1061
540,1062
540,1063
540,1062
540,1061
540,1060
540,1059
540,1058
540,1059
540,1058
540,1057
540,1056
540,1055
540,1056
540,1057
540,1058
540,1057
540,1058
540,1059
540,1058
540,1059
540,1058
540,1057
540,1056
540,1057
540,1058
540,1057
540,1056
540,1055
540,1056
540,1057
540,1056
540,1057
540,1056
540,1055
540,1056
540,1057
540,1058
540,1059
540,1058
540,1057
540,1058
540,1059
540,1060
540,1061
540,1060
540,1059
540,1060
540,1061
540,1062
540,1063
540,1062
540,1061
540,1062
540,1061
540,1062
540,1061
540,1062
540,1061
540,1062
540,1063
540,1062
540,1061
540,1062
540,1063
540,1064
540,1065
540,1066
540,1065
540,1066
540,1067
540,1068
540,1069
540,1070
540,1071
540,1070
540,1069
540,1070
540,1069
540,1068
540,1067
540,1066
540,1065
540,1066
540,1067
540,1068
540,1069
540,1070
540,1069
540,1068
540,1069
540,1070
540,1069
540,1068
540,1067
540,1066
540,1065
540,1066
540,1067
540,1068
540,1067
540,1066
540,1067
540,1066
540,1065
540,1064
540,1063
540,1062
540,1063
540,1064
540,1065
540,1064
540,1065
540,1064
540,1063
540,1064
540,1065
540,1064
540,1063
540,1064
540,1063
540,1064
540,1063
540,1064
540,1063
540,1064
540,1065
540,1064
540,1063
540,1062
540,1061
540,1062
540,1061
540,1062
540,1061
540,1060
540,1061
540,1062
540,1063
540,1064
540,1063
540,1064
540,1063
540,1062
540,1063
540,1062
540,1061
540,1060
540,1059
540,1060
540,1061
540,1062
540,1061
540,1060
540,1059
540,1058
540,1057
540,1058
540,1057
540,1058
540,1059
540,1060
540,1059
540,1060
540,1059
540,1058
540,1059
540,1058
540,1057
540,1058
540,1057
540,1058
540,1057
540,1058
540,1059
540,1060
540,1061
540,1062
540,1063
540,1064
540,1065
540,1064
540,1065
540,1064
540,1065
540,1064
540,1065
540,1064
540,1065
540,1064
540,1065
540,1064
540,1063
540,1062
540,1063
540,1064
540,1063
540,1064
540,1063
540,1064
540,1063
540,1062
540,1061
540,1062
540,1063
540,1062
540,1063
540,1062
540,1063
540,1064
540,1065
540,1066
540,1067
540,1066
540,1065
540,1064
540,1063
540,1062
540,1063
540,1062
540,1061
540,1060
540,1059
540,1060
540,1059
540,1060
540,1061
540,1060
540,1059
540,1060
540,1061
540,1060
540,1061
540,1060
540,1061
540,1062
540,1063
540,1062
540,1063
540,1064
540,1065
540,1064
540,1065
540,1064
540,1065
540,1066
540,1067
540,1068
540,1067
540,1068
540,1067
540,1066
540,1065
540,1066
540,1067
540,1066
540,1067
540,1068
540,1069
540,1068
540,1067
540,1066
540,1065
540,1066
540,1067
540,1066
540,1065
540,1064
540,1063
540,1064
540,1063
540,1064
540,1065
540,1064
540,1065
540,1064
540,1065
540,1064
540,1063
540,1062
540,1061
540,1060
540,1059
540,1060
540,1061
540,1060
540,1059
540,1060
540,1061
540,1062
540,1061
540,1062
540,1061
540,1060
540,1061
540,1060
540,1061
540,1062
540,1063
540,1062
540,1063
540,1062
540,1063
540,1062
540,1063
540,1062
540,1063
540,1064
540,1063
540,1062
540,1061
540,1060
540,1059
540,1060
540,1061
540,1060
540,1059
540,1060
540,1061
540,1060
540,1061
540,1060
540,1061
540,1060
540,1061
540,1062
540,1061
540,1062
540,1063
540,1062
540,1063
540,1062
540,1063
540,1062
540,1061
540,1062
540,1061
540,1062
540,1063
540,1062
540,1061
540,1060
540,1061
540,1060
540,1061
540,1060
540,1059
540,1060
540,1059
540,1060
540,1059
540,1058
540,1057
540,1058
540,1057
540,1058
540,1057
540,1058
540,1059
540,1060
540,1059
540,1058
540,1059
540,1058
540,1057
540,1056
540,1055
540,1054
540,1053
540,1054
540,1053
540,1052
540,1053
540,1054
540,1055
540,1054
540,1055
540,1054
540,1053
540,1054
540,1053
540,1054
540,1053
540,1052
540,1051
540,1052
540,1051
540,1050
540,1051
540,1050
540,1051
540,1050
540,1049
540,1048
540,1049
540,1050
540,1049
540,1048
540,1047
540,1046
540,1047
540,1046
540,1045
540,1046
540,1045
540,1044
540,1043
540,1042
540,1041
540,1040
540,1039
540,1040
540,1039
540,1040
540,1041
540,1040
540,1039
540,1038
540,1039
540,1038
540,1039
540,1040
540,1039
540,1040
540,1039
540,1038
540,1039
540,1040
540,1039
540,1040
540,1041
540,1042
540,1043
540,1042
540,1043
540,1044
540,1043
540,1042
540,1043
540,1044
540,1045
540,1044
540,1045
540,1044
540,1043
540,1044
540,1043
540,1044
540,1045
540,1046
540,1047
540,1048
540,1047
540,1048
540,1049
540,1048
540,1047
540,1048
540,1049
540,1048
540,1047
540,1048
540,1049
540,1050
540,1051
540,1050
540,1051
540,1050
540,1049
540,1050
540,1051
540,1052
540,1051
540,1052
540,1051
540,1052
540,1053
540,1054
540,1053
540,1054
540,1055
540,1054
540,1053
540,1054
540,1055
540,1056
540,1057
540,1056
540,1055
540,1056
540,1057
540,1056
540,1057
540,1058
540,1057
540,1058
540,1059
540,1058
540,1059
540,1060
540,1059
540,1058
540,1057
540,1056
540,1057
540,1056
540,1057
540,1058
540,1059
540,1058
540,1057
540,1058
540,1059
540,1060
540,1059
540,1060
540,1059
540,1060
540,1061
540,1062
540,1063
540,1064
540,1063
540,1064
540,1065
540,1064
540,1063
540,1062
540,1061
540,1060
540,1059
540,1060
540,1061
540,1062
540,1063
540,1062
540,1063
540,1062
540,1061
540,1062
540,1063
540,1062
540,1061
540,1060
540,1059
540,1060
540,1059
540,1060
540,1061
540,1060
540,1059
540,1058
540,1057
540,1058
540,1059
540,1058
540,1057
540,1058
540,1059
540,1058
540,1057
540,1058
540,1057
540,1056
540,1057
540,1058
540,1059
540,1060
540,1061
540,1060
540,1061
540,1060
540,1061
540,1062
540,1063
540,1064
540,1063
540,1064
540,1063
540,1064
540,1063
540,1064
540,1065
540,1064
540,1063
540,1064
540,1065
540,1066
540,1067
540,1068
540,1069
540,1070
540,1071
540,1070
540,1071
540,1070
540,1069
540,1068
540,1069
540,1070
540,1069
540,1070
540,1071
540,1072
540,1071
540,1070
540,1069
540,1070
540,1069
540,1070
540,1071
540,1070
540,1069
540,1068
540,1069
540,1070
540,1069
540,1068
540,1069
540,1070
540,1069
540,1070
540,1071
540,1070
540,1069
540,1070
540,1071
540,1070
540,1069
540,1068
540,1067
540,1068
540,1069
540,1068
540,1069
540,1070
540,1071
540,1070
540,1071
540,1070
540,1069
540,1068
540,1067
540,1066
540,1065
540,1066
540,1065
540,1066
540,1065
540,1064
540,1063
540,1062
540,1061
540,1060
540,1059
540,1060
540,1059
540,1060
540,1059
540,1060
540,1061
540,1062
540,1061
540,1062
540,1061
540,1060
540,1059
540,1060
540,1059
540,1058
540,1057
540,1056
540,1057
540,1058
540,1057
540,1056
540,1055
540,1056
540,1055
540,1056
540,1055
540,1054
540,1055
540,1054
540,1055
540,1054
540,1055
540,1054
540,1055
540,1056
540,1055
540,1056
540,1055
540,1056
540,1055
540,1054
540,1055
540,1054
540,1053
540,1052
540,1051
540,1050
540,1049
540,1050
540,1051
540,1052
540,1053
540,1052
540,1051
540,1050
540,1051
540,1050
540,1051
540,1052
540,1051
540,1052
540,1051
540,1052
540,1053
540,1052
540,1053
540,1054
540,1053
540,1052
540,1053
540,1052
540,1051
540,1050
540,1049
540,1048
540,1047
540,1048
540,1047
540,1046
540,1045
540,1044
540,1045
540,1046
540,1047
540,1046
540,1047
540,1048
540,1049
540,1048
540,1049
540,1050
540,1051
540,1052
540,1051
540,1052
540,1051
540,1052
540,1053
540,1052
540,1053
540,1054
540,1053
540,1052
540,1051
540,1052
540,1051
540,1052
540,1051
540,1050
540,1051
540,1050
540,1051
540,1050
540,1049
540,1050
540,1049
540,1048
540,1049
540,1050
540,1049
540,1050
540,1051
540,1052
540,1053
540,1052
540,1051
540,1050
540,1049
540,1048
540,1049
540,1050
540,1051
540,1052
540,1051
540,1050
540,1049
540,1048
540,1047
540,1046
540,1047
540,1046
540,1045
540,1044
540,1045
540,1044
540,1043
540,1042
540,1043
540,1042
540,1043
540,1044
540,1043
540,1042
540,1043
540,1042
540,1041
540,1040
540,1039
540,1038
540,1039
540,1040
540,1041
540,1042
540,1041
540,1040
540,1039
540,1038
540,1037
540,1036
540,1035
540,1036
540,1035
540,1034
540,1033
540,1032
540,1031
540,1032
540,1031
540,1030
540,1031
540,1030
540,1031
540,1030
540,1029
540,1030
540,1029
540,1030
540,1031
540,1032
540,1033
540,1032
540,1031
540,1032
540,1033
540,1034
540,1033
540,1032
540,1031
540,1030
540,1029
540,1028
540,1029
540,1030
540,1029
540,1030
540,1031
540,1030
540,1029
540,1030
540,1029
540,1028
540,1029
540,1030
540,1031
540,1030
540,1029
540,1030
540,1031
540,1030
540,1029
540,1028
540,1029
540,1030
540,1031
540,1032
540,1031
540,1030
540,1029
540,1030
540,1029
540,1028
540,1027
540,1026
540,1025
540,1026
540,1027
540,1026
540,1025
540,1024
540,1025
540,1024
540,1023
540,1024
540,1023
540,1022
540,1021
540,1022
540,1021
540,1020
540,1021
540,1022
540,1023
540,1022
540,1023
540,1022
540,1021
540,1022
540,1023
540,1024
540,1025
540,1024
540,1025
540,1024
540,1023
540,1022
540,1021
540,1022
540,1023
540,1022
540,1021
540,1020
540,1021
540,1020
540,1019
540,1020
540,1019
540,1020
540,1019
540,1020
540,1021
540,1020
540,1019
540,1018
540,1017
540,1016
540,1015
540,1014
540,1013
540,1012
540,1011
540,1012
540,1013
540,1012
540,1013
540,1012
540,1013
540,1012
540,1011
540,1012
540,1011
540,1012
540,1011
540,1010
540,1009
540,1008
540,1007
540,1008
540,1009
540,1008
540,1007
540,1006
540,1005
540,1006
540,1007
540,1006
540,1005
540,1004
540,1003
540,1002
540,1001
540,1000
540,1001
540,1000
540,1001
540,1000
540,1001
540,1000
540,1001
540,1000
540,999
540,998
540,997
540,998
540,999
540,998
540,997
540,998
540,997
540,996
540,995
540,994
540,993
540,992
540,993
540,992
540,993
540,992
540,991
540,990
540,991
540,990
540,989
540,990
540,991
540,990
540,989
540,990
540,989
540,990
540,989
540,990
540,991
540,990
540,989
540,988
540,989
540,988
540,987
540,986
540,987
540,986
540,985
540,986
540,987
540,986
540,987
540,986
540,985
540,984
540,985
540,984
540,983
540,984
540,985
540,986
540,985
540,984
540,985
540,986
540,987
540,988
540,989
540,990
540,991
540,990
540,989
540,988
540,989
540,990
540,989
540,988
540,987
540,986
540,987
540,988
540,987
540,986
540,985
540,984
540,983
540,982
540,981
540,980
540,979
540,978
540,977
540,976
540,975
540,974
540,973
540,974
540,975
540,976
540,975
540,976
540,977
540,978
540,977
540,978
540,979
540,980
540,981
540,980
540,979
540,978
540,977
540,976
540,975
540,974
540,973
540,972
540,971
540,970
540,969
540,970
540,969
540,970
540,971
540,972
540,973
540,974
540,973
540,972
540,971
540,970
540,969
540,968
540,967
540,966
540,967
540,966
540,965
540,964
540,965
540,966
540,967
540,968
540,967
540,966
540,965
540,964
540,963
540,964
540,965
540,964
540,965
540,966
540,967
540,968
540,969
540,968
540,967
540,966
540,967
540,966
540,965
540,964
540,963
540,962
540,961
540,962
540,961
540,962
540,963
540,962
540,963
540,962
540,961
540,960
540,961
540,962
540,963
540,962
540,963
540,962
540,961
540,962
540,961
540,960
540,959
540,958
540,957
540,958
540,957
540,958
540,959
540,960
540,959
540,958
540,957
540,956
540,957
540,956
540,955
540,954
540,955
540,956
540,955
540,954
540,953
540,954
540,953
540,952
540,953
540,952
540,953
540,954
540,953
540,952
540,951
540,952
540,953
540,954
540,953
540,952
540,953
540,952
540,953
540,952
540,953
540,952
540,951
540,952
540,951
540,952
540,951
540,952
540,953
540,952
540,951
540,952
540,953
540,952
540,951
540,950
540,949
540,950
540,951
540,950
540,949
540,948
540,947
540,946
540,947
540,948
540,947
540,946
540,945
540,946
540,947
540,946
540,947
540,946
540,945
540,944
540,945
540,944
540,943
540,942
540,941
540,940
540,939
540,938
540,939
540,940
540,939
540,940
540,939
540,940
540,941
540,940
540,939
540,938
540,939
540,940
540,939
540,938
540,939
540,940
540,941
540,940
540,939
540,938
540,937
540,936
540,937
540,936
540,937
540,936
540,935
540,936
540,937
540,938
540,937
540,936
540,937
540,936
540,935
540,934
540,933
540,932
540,933
540,934
540,933
540,932
540,931
540,930
540,929
540,930
540,931
540,930
540,929
540,928
540,927
540,928
540,927
540,928
540,927
540,928
540,927
540,928
540,927
540,928
540,927
540,928
540,927
540,926
540,927
540,928
540,927
540,928
540,929
540,928
540,927
540,926
540,925
540,926
540,927
540,926
540,927
540,926
540,925
540,926
540,927
540,926
540,925
540,924
540,925
540,924
540,923
540,922
540,923
540,922
540,923
540,922
540,921
540,922
540,923
540,924
540,925
540,924
540,923
540,922
540,923
540,922
540,921
540,920
540,919
540,920
540,919
540,918
540,919
540,918
540,917
540,916
540,915
540,914
540,913
540,912
540,913
540,912
540,913
540,912
540,911
540,910
540,909
540,908
540,907
540,908
540,907
540,906
540,905
540,906
540,905
540,904
540,905
540,906
540,905
540,906
540,905
540,904
540,903
540,902
540,901
540,902
540,903
540,902
540,903
540,904
540,903
540,902
540,901
540,900
540,899
540,900
540,899
540,900
540,901
540,902
540,901
540,902
540,901
540,900
540,899
540,900
540,901
540,900
540,899
540,900
540,899
540,898
540,897
540,898
540,899
540,900
540,899
540,898
540,897
540,898
540,897
540,896
540,897
540,896
540,897
540,896
540,897
540,898
540,897
540,898
540,897
540,898
540,897
540,896
540,897
540,896
540,897
540,896
540,895
540,894
540,895
540,894
540,893
540,892
540,893
540,892
540,893
540,892
540,891
540,890
540,889
540,890
540,889
540,888
540,887
540,886
540,887
540,886
540,885
540,884
540,883
540,884
540,885
540,886
540,885
540,884
540,883
540,884
540,883
540,882
540,881
540,882
540,881
540,882
540,883
540,882
540,881
540,880
540,879
540,878
540,877
540,876
540,877
540,878
540,877
540,876
540,875
540,876
540,877
540,878
540,879
540,878
540,879
540,878
540,877
540,878
540,877
540,876
540,877
540,876
540,877
540,878
540,879
540,880
540,879
540,878
540,879
540,878
540,877
540,878
540,877
540,876
540,877
540,878
540,879
540,878
540,877
540,878
540,877
540,876
540,875
540,874
540,873
540,872
540,873
540,872
540,871
540,870
540,869
540,868
540,867
540,868
540,867
540,866
540,867
540,866
540,865
540,864
540,865
540,864
540,865
540,866
540,867
540,866
540,865
540,866
540,865
540,866
540,867
540,868
540,869
540,868
540,869
540,870
540,869
540,868
540,867
540,866
540,867
540,866
540,867
540,866
540,867
540,866
540,867
540,866
540,865
540,864
540,863
540,862
540,861
540,860
540,859
540,858
540,857
540,856
540,855
540,854
540,853
540,852
540,853
540,854
540,853
540,852
540,851
540,852
540,851
540,850
540,849
540,848
540,847
540,846
540,847
540,846
540,847
540,846
540,845
540,846
540,845
540,844
540,843
540,842
540,841
540,840
540,841
540,840
540,839
540,840
540,839
540,838
540,837
540,838
540,837
540,838
540,837
540,836
540,837
540,836
540,835
540,834
540,833
540,832
540,831
540,830
540,831
540,832
540,831
540,832
540,831
540,830
540,829
540,828
540,827
540,828
540,827
540,826
540,825
540,824
540,825
540,824
540,825
540,824
540,825
540,826
540,825
540,826
540,827
540,828
540,829
540,828
540,827
540,828
540,827
540,828
540,829
540,828
540,827
540,826
540,827
540,826
540,827
540,828
540,827
540,826
540,827
540,826
540,827
540,828
540,829
540,828
540,829
540,830
540,831
540,832
540,833
540,834
540,835
540,834
540,833
540,832
540,831
540,830
540,829
540,828
540,829
540,830
540,831
540,832
540,831
540,830
540,829
540,828
540,829
540,828
540,827
540,828
540,827
540,826
540,825
540,826
540,825
540,824
540,825
540,824
540,825
540,824
540,825
540,826
540,825
540,824
540,825
540,824
540,823
540,824
540,823
540,822
540,821
540,820
540,821
540,820
540,819
540,818
540,819
540,820
540,819
540,818
540,819
540,818
540,819
540,820
540,821
540,820
540,819
540,818
540,819
540,818
540,817
540,816
540,817
540,816
540,815
540,814
540,813
540,814
540,813
540,812
540,811
540,810
540,809
540,808
540,807
540,806
540,807
540,808
540,807
540,806
540,805
540,804
540,805
540,806
540,805
540,804
540,803
540,802
540,801
540,800
540,799
540,800
540,801
540,800
540,801
540,800
540,801
540,800
540,799
540,800
540,799
540,800
540,799
540,800
540,799
540,798
540,797
540,796
540,797
540,796
540,795
540,794
540,793
540,792
540,793
540,794
540,793
540,794
540,793
540,792
540,791
540,790
540,791
540,790
540,789
540,788
540,787
540,786
540,787
540,786
540,787
540,786
540,785
540,784
540,783
540,784
540,783
540,782
540,781
540,782
540,781
540,780
540,779
540,778
540,779
540,780
540,779
540,780
540,779
540,780
540,779
540,778
540,777
540,776
540,777
540,778
540,777
540,776
540,777
540,776
540,775
540,776
540,775
540,776
540,775
540,774
540,773
540,772
540,773
540,774
540,773
540,774
540,775
540,774
540,773
540,772
540,773
540,772
540,773
540,774
540,773
540,774
540,773
540,772
540,773
540,772
540,771
540,770
540,769
540,768
540,769
540,768
540,767
540,766
540,767
540,766
540,765
540,764
540,765
540,766
540,767
540,766
540,765
540,764
540,763
540,762
540,761
540,760
540,759
540,760
540,759
540,760
540,761
540,760
540,759
540,758
540,759
540,758
540,759
540,760
540,759
540,760
540,761
540,762
540,761
540,760
540,759
540,758
540,759
540,758
540,757
540,758
540,757
540,758
540,757
540,756
540,755
540,754
540,755
540,756
540,755
540,756
540,757
540,758
540,757
540,756
540,755
540,756
540,755
540,754
540,753
540,752
540,753
540,754
540,755
540,754
540,755
540,754
540,753
540,752
540,753
540,754
540,755
540,754
540,753
540,754
540,753
540,752
540,753
540,752
540,751
540,750
540,749
540,750
540,749
540,748
540,747
540,746
540,747
540,746
540,747
540,748
540,747
540,746
540,745
540,744
540,743
540,744
540,745
540,744
540,743
540,742
540,741
540,742
540,741
540,740
540,739
540,740
540,739
540,738
540,737
540,738
540,737
540,736
540,735
540,734
540,733
540,732
540,731
540,730
540,729
540,728
540,727
540,726
540,725
540,726
540,727
540,726
540,725
540,724
540,725
540,724
540,723
540,722
540,721
540,720
540,719
540,718
540,717
540,716
540,715
540,714
540,715
540,716
540,717
540,718
540,717
540,716
540,715
540,714
540,713
540,712
540,711
540,712
540,711
540,710
540,711
540,712
540,713
540,712
540,711
540,712
540,711
540,710
540,711
540,710
540,709
540,710
540,711
540,710
540,709
540,708
540,707
540,708
540,707
540,706
540,705
540,706
540,705
540,704
540,705
540,706
540,705
540,706
540,707
540,708
540,707
540,706
540,705
540,704
540,703
540,702
540,701
540,702
540,703
540,704
540,705
540,704
540,703
540,702
540,703
540,704
540,705
540,704
540,705
540,706
540,707
540,706
540,705
540,704
540,705
540,706
540,705
540,704
540,703
540,702
540,703
540,702
540,701
540,702
540,701
540,702
540,701
540,700
540,701
540,702
540,703
540,702
540,701
540,700
540,701
540,700
540,699
540,700
540,699
540,700
540,701
540,700
540,699
540,700
540,699
540,698
540,697
540,698
540,697
540,696
540,697
540,698
540,699
540,698
540,697
540,698
540,699
540,698
540,697
540,696
540,695
540,694
540,693
540,694
540,693
540,692
540,691
540,692
540,693
540,692
540,691
540,692
540,691
540,690
540,691
540,690
540,689
540,690
540,689
540,688
540,687
540,688
540,687
540,686
540,685
540,684
540,685
540,684
540,683
540,682
540,681
540,682
540,683
540,684
540,683
540,682
540,681
540,680
540,679
540,678
540,677
540,676
540,677
540,676
540,677
540,676
540,675
540,674
540,673
540,672
540,671
540,672
540,671
540,670
540,669
540,670
540,671
540,670
540,671
540,670
540,669
540,668
540,667
540,668
540,667
540,666
540,665
540,666
540,665
540,666
540,667
540,666
540,665
540,664
540,665
540,664
540,663
540,662
540,661
540,662
540,661
540,660
540,659
540,658
540,657
540,656
540,657
540,656
540,655
540,654
540,655
540,656
540,657
540,656
540,655
540,654
540,655
540,656
540,657
540,656
540,655
540,654
540,653
540,652
540,653
540,652
540,651
540,652
540,653
540,652
540,651
540,652
540,651
540,650
540,649
540,648
540,647
540,646
540,645
540,644
540,643
540,644
540,645
540,644
540,643
540,642
540,641
540,640
540,639
540,640
540,639
540,640
540,641
540,640
540,639
540,638
540,637
540,638
540,639
540,640
540,639
540,640
540,639
540,640
540,639
540,638
540,637
540,636
540,635
540,634
540,633
540,632
540,631
540,632
540,633
540,632
540,631
540,632
540,633
540,632
540,631
540,630
540,631
540,630
540,629
540,628
540,627
540,628
540,629
540,630
540,629
540,628
540,629
540,628
540,629
540,628
540,627
540,626
540,627
540,626
540,625
540,626
540,627
540,628
540,627
540,626
540,627
540,626
540,625
540,626
540,625
540,624
540,623
540,624
540,623
540,622
540,621
540,622
540,621
540,620
540,619
540,618
540,619
540,618
540,617
540,618
540,617
540,618
540,617
540,618
540,617
540,616
540,617
540,618
540,619
540,620
540,621
540,622
540,621
540,620
540,619
540,618
540,617
540,616
540,615
540,614
540,613
540,612
540,613
540,612
540,611
540,610
540,611
540,612
540,613
540,614
540,613
540,612
540,613
540,612
540,613
540,614
540,613
540,612
540,611
540,610
540,609
540,608
540,607
540,608
540,609
540,608
540,607
540,608
540,607
540,608
540,607
540,608
540,607
540,606
540,607
540,608
540,607
540,606
540,607
540,606
540,605
540,604
540,603
540,602
540,603
540,604
540,603
540,604
540,603
540,604
540,603
540,602
540,601
540,602
540,603
540,602
540,603
540,604
540,603
540,602
540,601
540,600
540,601
540,600
540,601
540,602
540,601
540,600
540,599
540,600
540,599
540,598
540,599
540,598
540,597
540,598
540,599
540,598
540,597
540,598
540,599
540,600
540,599
540,598
540,597
540,596
540,597
540,598
540,597
540,596
540,597
540,598
540,599
540,600
540,601
540,602
540,601
540,600
540,601
540,600
540,599
540,598
540,597
540,596
540,597
540,596
540,595
540,596
540,595
540,596
540,595
540,596
540,595
540,594
540,593
540,594
540,595
540,596
540,595
540,594
540,593
540,592
540,593
540,592
540,591
540,590
540,589
540,590
540,589
540,590
540,589
540,590
540,591
540,590
540,591
540,590
540,591
540,592
540,593
540,592
540,591
540,590
540,591
540,592
540,591
540,592
540,593
540,594
540,593
540,594
540,593
540,592
540,591
540,592
540,593
540,592
540,593
540,594
540,593
540,592
540,593
540,594
540,593
540,592
540,591
540,590
540,591
540,590
540,589
540,588
540,589
540,588
540,587
540,586
540,585
540,586
540,585
540,586
540,585
540,584
540,583
540,582
540,581
540,582
540,581
540,580
540,579
540,578
540,579
540,578
540,579
540,580
540,579
540,578
540,577
540,576
540,575
540,576
540,577
540,578
540,577
540,576
540,575
540,574
540,573
540,574
540,573
540,574
540,575
540,574
540,575
540,574
540,573
540,572
540,571
540,570
540,569
540,568
540,567
540,566
540,567
540,566
540,567
540,568
540,567
540,568
540,569
540,570
540,569
540,568
540,567
540,566
540,567
540,566
540,565
540,564
540,565
540,566
540,565
540,564
540,565
540,564
540,565
540,564
540,563
540,562
540,561
540,562
540,561
540,562
540,561
540,562
540,561
540,560
540,561
540,560
540,559
540,558
540,557
540,556
540,557
540,556
540,555
540,554
540,553
540,554
540,553
540,552
540,551
540,552
540,553
540,552
540,551
540,550
540,551
540,552
540,553
540,554
540,553
540,554
540,555
540,554
540,555
540,556
540,555
540,554
540,553
540,552
540,553
540,554
540,555
540,554
540,553
540,552
540,553
540,554
540,553
540,552
540,551
540,550
540,549
540,548
540,547
540,546
540,545
540,546
540,545
540,544
540,543
540,542
540,541
540,542
540,541
540,540
540,541
540,540
540,539
540,538
540,537
540,538
540,537
540,536
540,535
540,534
540,533
540,532
540,531
540,532
540,531
540,532
540,531
540,530
540,529
540,528
540,529
540,530
540,529
540,528
540,527
540,528
540,527
540,526
540,525
540,524
540,523
540,524
540,525
540,526
540,525
540,524
540,525
540,526
540,527
540,526
540,527
540,526
540,527
540,526
540,525
540,524
540,523
540,522
540,523
540,522
540,523
540,524
540,523
540,522
540,521
540,520
540,521
540,520
540,521
540,522
540,523
540,522
540,521
540,520
540,519
540,520
540,521
540,522
540,521
540,520
540,519
540,520
540,519
540,518
540,517
540,516
540,517
