"","Date","EC1","EC2","EC3","EC4","WC1","WC2","Weekday"
"1",2018-08-01,4047,3672,1383,2232,3889,2949,"Wednesday"
"2",2018-08-02,4014,3772,1379,2310,3878,2768,"Thursday"
"3",2018-08-03,3597,3470,1156,2008,3574,2501,"Friday"
"4",2018-08-04,2065,1257,823,1107,2019,2357,"Saturday"
"5",2018-08-05,1882,1390,905,1116,2054,2305,"Sunday"
"6",2018-08-06,3741,3494,1394,2122,3449,2849,"Monday"
"7",2018-08-07,3930,3499,1329,2053,3730,2755,"Tuesday"
"8",2018-08-08,3942,3507,1421,2240,3616,2843,"Wednesday"
"9",2018-08-09,2220,1998,691,1183,2101,1244,"Thursday"
"10",2018-08-10,2978,2726,980,1719,2738,2048,"Friday"
"11",2018-08-11,1814,1325,759,1153,1796,2089,"Saturday"
"12",2018-08-12,1344,982,455,619,1390,1444,"Sunday"
"13",2018-08-13,3421,3147,1271,2017,3252,2495,"Monday"
"14",2018-08-14,3829,3436,1380,2159,3504,2825,"Tuesday"
"15",2018-08-15,3864,3572,1448,2015,3694,2811,"Wednesday"
"16",2018-08-16,2928,2833,996,1585,2591,1758,"Thursday"
"17",2018-08-17,3438,3196,1313,1883,3278,2468,"Friday"
"18",2018-08-18,1781,1346,672,960,1761,2068,"Saturday"
"19",2018-08-19,1429,1261,767,813,1759,2007,"Sunday"
"20",2018-08-20,3463,3353,1276,1997,3458,2566,"Monday"
"21",2018-08-21,3712,3592,1300,2174,3580,2505,"Tuesday"
"22",2018-08-22,3689,3564,1300,1990,3439,2527,"Wednesday"
"23",2018-08-23,3394,3302,1208,1830,3081,2253,"Thursday"
"24",2018-08-24,2680,2562,988,1576,2599,1763,"Friday"
"25",2018-08-25,1456,1099,574,824,1549,1631,"Saturday"
"26",2018-08-26,523,354,170,230,521,383,"Sunday"
"27",2018-08-27,1294,971,492,776,1400,1481,"Monday"
"28",2018-08-28,3402,3163,1212,1909,3160,2269,"Tuesday"
"29",2018-09-01,1946,1389,649,940,1800,2033,"Saturday"
"30",2018-09-02,1857,1395,617,875,1787,1749,"Sunday"
"31",2018-09-03,3309,3400,1257,1909,3372,2256,"Monday"
"32",2018-09-04,3649,3799,1275,2102,3478,2415,"Tuesday"
"33",2018-09-05,3770,3572,1265,2156,3431,2334,"Wednesday"
"34",2018-09-06,3631,3645,1249,2178,3587,2250,"Thursday"
"35",2018-09-07,3444,3341,1157,2209,3331,2283,"Friday"
"36",2018-09-08,1677,1230,567,796,1717,1676,"Saturday"
"37",2018-09-09,1586,1169,746,907,1705,2011,"Sunday"
"38",2018-09-10,3578,3778,1324,2117,3634,2445,"Monday"
"39",2018-09-11,3958,3847,1319,2221,3546,2522,"Tuesday"
"40",2018-09-12,3578,3348,1254,1955,3312,2289,"Wednesday"
"41",2018-09-13,3971,3801,1305,2264,3653,2498,"Thursday"
"42",2018-09-14,3514,3353,1154,2030,3362,2327,"Friday"
"43",2018-09-15,2067,1539,756,1028,1907,2196,"Saturday"
"44",2018-09-16,1807,1274,722,912,1841,1986,"Sunday"
"45",2018-09-17,3847,3716,1303,2174,3753,2620,"Monday"
"46",2018-09-18,4024,3966,1379,2235,3714,2536,"Tuesday"
"47",2018-09-19,3775,3571,1325,2157,3695,2676,"Wednesday"
"48",2018-09-20,3897,3643,1316,2165,3322,2327,"Thursday"
"49",2018-09-21,3602,3266,1158,1962,3176,2206,"Friday"
"50",2018-09-22,908,594,319,343,842,566,"Saturday"
"51",2018-09-23,951,557,266,294,873,740,"Sunday"
"52",2018-09-24,3565,3605,1199,2114,3427,2525,"Monday"
"53",2018-09-25,3993,3770,1313,2173,3966,2622,"Tuesday"
"54",2018-09-26,4054,4033,1273,2237,4002,2825,"Wednesday"
"55",2018-09-27,4244,3720,1358,2122,3928,2913,"Thursday"
"56",2018-09-28,3798,3408,1203,2028,3607,2681,"Friday"
"57",2018-10-01,3675,3590,1211,2172,3685,2369,"Monday"
"58",2018-10-02,4054,3947,1400,2206,3968,2583,"Tuesday"
"59",2018-10-03,4226,3613,1289,2286,4165,2729,"Wednesday"
"60",2018-10-04,3933,3743,1105,2346,3896,2661,"Thursday"
"61",2018-10-05,4163,4004,1148,2068,3973,2898,"Friday"
"62",2018-10-06,748,486,150,233,751,478,"Saturday"
"63",2018-10-07,1435,922,448,670,1431,1493,"Sunday"
"64",2018-10-08,3595,3619,1113,2021,3657,2587,"Monday"
"65",2018-10-09,4104,3913,1231,2236,3998,2747,"Tuesday"
"66",2018-10-10,4125,3765,1199,2269,3976,2691,"Wednesday"
"67",2018-10-11,3786,3726,1155,2237,3866,2515,"Thursday"
"68",2018-10-12,3672,3714,1084,2126,3521,2566,"Friday"
"69",2018-10-13,2137,1552,874,1073,2059,2350,"Saturday"
"70",2018-10-14,755,479,167,278,757,563,"Sunday"
"71",2018-10-15,3156,2999,878,1580,3080,2054,"Monday"
"72",2018-10-16,3922,3917,1237,2151,3929,2708,"Tuesday"
"73",2018-10-17,3520,3386,1034,1809,3204,2049,"Wednesday"
"74",2018-10-18,3969,3767,1227,2091,3671,2454,"Thursday"
"75",2018-10-19,3659,3521,1127,2064,3468,2390,"Friday"
"76",2018-10-20,1743,1441,645,894,1818,2116,"Saturday"
"77",2018-10-21,1734,1169,678,939,1682,1979,"Sunday"
"78",2018-10-22,3549,3457,1205,1953,3490,2319,"Monday"
"79",2018-10-23,3896,3511,1142,1966,3726,2412,"Tuesday"
"80",2018-10-24,3724,3571,1230,2021,3771,2539,"Wednesday"
"81",2018-10-25,3692,3471,1243,2093,3607,2466,"Thursday"
"82",2018-10-26,2882,2823,979,1737,2850,2029,"Friday"
"83",2018-10-27,1306,914,341,478,1280,1135,"Saturday"
"84",2018-10-28,1009,569,184,336,946,780,"Sunday"
"85",2018-11-01,2837,2764,807,1430,2612,1520,"Thursday"
"86",2018-11-02,3237,3301,1076,2002,3150,2168,"Friday"
"87",2018-11-03,1655,1125,580,789,1676,1728,"Saturday"
"88",2018-11-04,1368,877,437,602,1386,1357,"Sunday"
"89",2018-11-05,3599,3344,1145,1950,3351,2146,"Monday"
"90",2018-11-06,3785,3841,1165,2139,3570,2345,"Tuesday"
"91",2018-11-07,3419,3159,959,1771,3014,1922,"Wednesday"
"92",2018-11-08,3669,3644,1276,2143,3463,2413,"Thursday"
"93",2018-11-09,2987,2996,1007,1885,2703,1900,"Friday"
"94",2018-11-10,1039,711,301,530,899,810,"Saturday"
"95",2018-11-11,1186,764,463,483,1203,1054,"Sunday"
"96",2018-11-12,3123,2884,899,1643,3068,1824,"Monday"
"97",2018-11-13,3766,3575,1107,1787,3525,2433,"Tuesday"
"98",2018-11-14,3905,3631,1285,1967,3676,2475,"Wednesday"
"99",2018-11-15,3741,3594,1150,1867,3711,2540,"Thursday"
"100",2018-11-16,3131,3129,987,1708,3115,2019,"Friday"
"101",2018-11-17,1267,845,435,556,1499,1388,"Saturday"
"102",2018-11-18,656,393,162,273,608,463,"Sunday"
"103",2018-11-19,2014,2295,654,1283,2314,1324,"Monday"
"104",2018-11-20,1801,2018,626,1219,2032,1069,"Tuesday"
"105",2018-11-21,2910,2934,1000,1671,2906,1774,"Wednesday"
"106",2018-11-22,3280,3093,965,1719,3005,1911,"Thursday"
"107",2018-11-23,2992,2818,961,1721,2921,1904,"Friday"
"108",2018-11-24,1147,790,302,455,1161,1034,"Saturday"
"109",2018-11-25,1081,638,309,331,1099,862,"Sunday"
"110",2018-11-26,3242,3108,1002,1812,3248,2029,"Monday"
"111",2018-11-27,2695,2653,806,1538,2615,1611,"Tuesday"
"112",2018-11-28,2676,2642,858,1553,2733,1588,"Wednesday"
"113",2018-12-01,1108,737,243,335,1049,850,"Saturday"
"114",2018-12-02,1093,720,302,384,1118,975,"Sunday"
"115",2018-12-03,3179,3065,1020,1617,2943,1807,"Monday"
"116",2018-12-04,3481,3424,1115,1976,3300,2085,"Tuesday"
"117",2018-12-05,2874,2786,888,1539,2728,1681,"Wednesday"
"118",2018-12-06,2052,2157,660,1190,1967,1202,"Thursday"
"119",2018-12-07,2005,1964,586,1043,2093,1344,"Friday"
"120",2018-12-08,1190,714,261,371,1239,1040,"Saturday"
"121",2018-12-09,1025,647,256,404,1076,920,"Sunday"
"122",2018-12-10,3177,3162,1017,1715,3185,1986,"Monday"
"123",2018-12-11,3305,3327,1116,1885,3327,2027,"Tuesday"
"124",2018-12-12,3212,3185,1019,1785,3104,2037,"Wednesday"
"125",2018-12-13,3108,3011,965,1627,2964,1874,"Thursday"
"126",2018-12-14,2881,2646,853,1356,2486,1765,"Friday"
"127",2018-12-15,676,450,130,196,630,411,"Saturday"
"128",2018-12-16,853,537,211,329,754,636,"Sunday"
"129",2018-12-17,2998,2929,908,1536,2766,1687,"Monday"
"130",2018-12-18,2530,2486,789,1375,2244,1389,"Tuesday"
"131",2018-12-19,2653,2692,810,1493,2487,1513,"Wednesday"
"132",2018-12-20,2816,2841,930,1674,2507,1629,"Thursday"
"133",2018-12-21,2036,2131,717,1237,1865,1287,"Friday"
"134",2018-12-22,797,629,258,360,963,929,"Saturday"
"135",2018-12-23,447,327,147,185,549,394,"Sunday"
"136",2018-12-24,740,664,340,510,827,578,"Monday"
"137",2018-12-25,1507,1263,1783,2448,3038,4888,"Tuesday"
"138",2018-12-26,477,414,254,398,956,920,"Wednesday"
"139",2018-12-27,776,833,431,661,1243,1024,"Thursday"
"140",2018-12-28,815,920,487,639,1118,937,"Friday"
"141",2019-01-01,774,538,292,534,972,778,"Tuesday"
"142",2019-01-02,1878,2090,838,1323,1997,1374,"Wednesday"
"143",2019-01-03,2345,2548,943,1489,2198,1406,"Thursday"
"144",2019-01-04,2252,2409,752,1314,2200,1345,"Friday"
"145",2019-01-05,948,731,300,326,935,771,"Saturday"
"146",2019-01-06,960,661,294,379,839,710,"Sunday"
"147",2019-01-07,2983,3092,1014,1647,2869,1688,"Monday"
"148",2019-01-08,3222,3236,1085,1722,3110,1874,"Tuesday"
"149",2019-01-09,3001,3155,1075,1606,3144,1744,"Wednesday"
"150",2019-01-10,3065,3142,1042,1684,2982,1639,"Thursday"
"151",2019-01-11,2999,3074,970,1710,2780,1658,"Friday"
"152",2019-01-12,1190,729,303,452,1122,918,"Saturday"
"153",2019-01-13,1174,744,296,359,972,888,"Sunday"
"154",2019-01-14,3275,3261,1090,1755,3143,2020,"Monday"
"155",2019-01-15,3310,3339,1094,1806,3257,2118,"Tuesday"
"156",2019-01-16,2934,2899,903,1525,2832,1731,"Wednesday"
"157",2019-01-17,3116,3121,989,1708,3026,1874,"Thursday"
"158",2019-01-18,2925,2957,902,1602,2760,1841,"Friday"
"159",2019-01-19,1243,836,357,518,1191,1023,"Saturday"
"160",2019-01-20,1066,620,330,439,1057,877,"Sunday"
"161",2019-01-21,3145,3032,987,1718,3091,1842,"Monday"
"162",2019-01-22,2788,2818,926,1545,2857,1706,"Tuesday"
"163",2019-01-23,2992,3132,977,1667,2993,1747,"Wednesday"
"164",2019-01-24,2983,3044,911,1673,2832,1663,"Thursday"
"165",2019-01-25,2711,2693,863,1432,2539,1733,"Friday"
"166",2019-01-26,1095,726,352,360,1107,830,"Saturday"
"167",2019-01-27,702,520,187,255,792,592,"Sunday"
"168",2019-01-28,3102,2990,950,1683,3032,1710,"Monday"
"169",2019-02-01,1605,1622,513,842,1536,851,"Friday"
"170",2019-02-02,1035,722,311,407,966,791,"Saturday"
"171",2019-02-03,936,655,345,428,1053,820,"Sunday"
"172",2019-02-04,2343,2086,656,1120,2237,1177,"Monday"
"173",2019-02-05,3005,3093,941,1758,3052,1813,"Tuesday"
"174",2019-02-06,3205,3017,956,1681,2888,1857,"Wednesday"
"175",2019-02-07,3113,3130,1005,1799,3117,1919,"Thursday"
"176",2019-02-08,2162,2030,657,1174,2047,1258,"Friday"
"177",2019-02-09,1048,769,352,521,1196,1096,"Saturday"
"178",2019-02-10,778,484,185,297,777,582,"Sunday"
"179",2019-02-11,3058,3145,998,1730,2977,1897,"Monday"
"180",2019-02-12,3323,3314,1077,1852,3192,2056,"Tuesday"
"181",2019-02-13,3221,3305,1059,1851,3088,2087,"Wednesday"
"182",2019-02-14,3259,3383,1080,1809,3075,2036,"Thursday"
"183",2019-02-15,3013,3041,984,1676,2819,2062,"Friday"
"184",2019-02-16,1285,914,517,571,1408,1252,"Saturday"
"185",2019-02-17,1289,942,528,754,1420,1418,"Sunday"
"186",2019-02-18,2722,2818,912,1479,2656,1620,"Monday"
"187",2019-02-19,3143,3225,978,1774,3090,2048,"Tuesday"
"188",2019-02-20,3077,3062,995,1788,3115,1938,"Wednesday"
"189",2019-02-21,3135,3100,1084,1763,3241,2099,"Thursday"
"190",2019-02-22,2933,2806,1049,1680,2958,2039,"Friday"
"191",2019-02-23,1640,1124,634,769,1604,1717,"Saturday"
"192",2019-02-24,1316,923,557,629,1342,1430,"Sunday"
"193",2019-02-25,3392,3306,1158,1822,3585,2115,"Monday"
"194",2019-02-26,3551,3626,1184,1870,3728,2473,"Tuesday"
"195",2019-02-27,3658,3694,1242,2032,3639,2609,"Wednesday"
"196",2019-02-28,3190,3241,992,1732,3183,1941,"Thursday"
"197",2019-03-01,3118,3127,960,1777,3075,2175,"Friday"
"198",2019-03-02,1388,892,495,706,1601,1603,"Saturday"
"199",2019-03-03,708,439,189,241,763,487,"Sunday"
"200",2019-03-04,3070,3011,1006,1758,3034,1876,"Monday"
"201",2019-03-05,3358,3311,1110,1933,3306,2151,"Tuesday"
"202",2019-03-06,2932,2990,970,1637,2841,1693,"Wednesday"
"203",2019-03-07,2965,2913,885,1625,2951,1809,"Thursday"
"204",2019-03-08,2663,2582,871,1590,2602,1729,"Friday"
"205",2019-03-09,1252,823,421,477,1211,1274,"Saturday"
"206",2019-03-10,913,504,300,310,866,590,"Sunday"
"207",2019-03-11,3105,3047,1010,1710,3034,2003,"Monday"
"208",2019-03-12,2587,2689,824,1422,2492,1439,"Tuesday"
"209",2019-03-13,2990,3227,934,1716,3040,1890,"Wednesday"
"210",2019-03-14,2785,2715,876,1451,2776,1609,"Thursday"
"211",2019-03-15,2828,2867,936,1725,2821,2005,"Friday"
"212",2019-03-16,1003,645,270,350,1103,944,"Saturday"
"213",2019-03-17,892,592,329,394,901,931,"Sunday"
"214",2019-03-18,3115,3194,1002,1686,3171,1996,"Monday"
"215",2019-03-19,3168,3181,1032,1677,3221,2020,"Tuesday"
"216",2019-03-20,3411,3482,1153,1814,3265,2239,"Wednesday"
"217",2019-03-21,3505,3437,1183,1911,3451,2491,"Thursday"
"218",2019-03-22,3013,2879,970,1669,2846,2155,"Friday"
"219",2019-03-23,1521,1083,577,716,1631,1851,"Saturday"
"220",2019-03-24,1331,1118,665,653,1441,1504,"Sunday"
"221",2019-03-25,3305,3345,1106,1886,3259,2260,"Monday"
"222",2019-03-26,3315,3522,1151,1843,3229,2308,"Tuesday"
"223",2019-03-27,3461,3379,1215,1793,3270,2264,"Wednesday"
"224",2019-03-28,3462,3569,1174,1892,3335,2405,"Thursday"
"225",2019-04-01,3427,3252,1088,1882,3216,2172,"Monday"
"226",2019-04-02,2967,2926,1007,1626,2682,1571,"Tuesday"
"227",2019-04-03,3175,2997,1063,1733,2750,1813,"Wednesday"
"228",2019-04-04,3001,3045,1110,1708,2713,1662,"Thursday"
"229",2019-04-05,3051,3044,1068,1672,2706,1893,"Friday"
"230",2019-04-06,1283,995,403,616,1252,1205,"Saturday"
"231",2019-04-07,1021,723,395,453,945,830,"Sunday"
"232",2019-04-08,2658,2749,959,1597,2594,1717,"Monday"
"233",2019-04-09,2918,2959,965,1684,2564,1664,"Tuesday"
"234",2019-04-10,3270,3258,1130,1889,2881,2012,"Wednesday"
"235",2019-04-11,3121,3182,1102,1845,2866,2041,"Thursday"
"236",2019-04-12,2947,2879,1067,1695,2670,1893,"Friday"
"237",2019-04-13,1343,862,371,551,1190,1160,"Saturday"
"238",2019-04-14,1189,778,356,477,1165,1073,"Sunday"
"239",2019-04-15,2964,2954,1123,1787,2890,2304,"Monday"
"240",2019-04-16,3359,3342,1102,1778,3019,2457,"Tuesday"
"241",2019-04-17,3506,3368,1264,2022,3218,2923,"Wednesday"
"242",2019-04-18,3287,3248,1190,1955,3057,2491,"Thursday"
"243",2019-04-19,1400,1228,846,1029,1828,2769,"Friday"
"244",2019-04-20,1423,1119,998,1258,2055,2781,"Saturday"
"245",2019-04-21,1377,1138,917,1155,1965,2474,"Sunday"
"246",2019-04-22,1414,988,776,868,1757,2238,"Monday"
"247",2019-04-23,3396,3359,1169,1898,3289,2501,"Tuesday"
"248",2019-04-24,3460,3459,1254,1964,3454,2325,"Wednesday"
"249",2019-04-25,3537,3645,1323,1960,3399,2494,"Thursday"
"250",2019-04-26,3312,3253,1091,1817,3054,2150,"Friday"
"251",2019-04-27,1297,840,379,410,1310,981,"Saturday"
"252",2019-04-28,1286,908,682,575,1239,1271,"Sunday"
"253",2019-05-01,4013,3767,1368,2132,3586,2725,"Wednesday"
"254",2019-05-02,3465,3391,1160,1950,3301,2343,"Thursday"
"255",2019-05-03,2966,2892,996,1544,2861,1942,"Friday"
"256",2019-05-04,1088,869,486,504,1343,1371,"Saturday"
"257",2019-05-05,1233,934,507,627,1435,1428,"Sunday"
"258",2019-05-06,1127,882,472,577,1538,1347,"Monday"
"259",2019-05-07,3560,3622,1298,2164,3386,2367,"Tuesday"
"260",2019-05-08,2165,2098,700,1199,1988,1291,"Wednesday"
"261",2019-05-09,3191,3199,1050,1662,3061,1909,"Thursday"
"262",2019-05-10,3484,3367,1150,2010,3258,2492,"Friday"
"263",2019-05-11,1598,1106,506,663,1583,1605,"Saturday"
"264",2019-05-12,1521,1088,592,885,1722,1602,"Sunday"
"265",2019-05-13,3672,3612,1248,2073,3536,2640,"Monday"
"266",2019-05-14,3970,3877,1405,2068,3637,2794,"Tuesday"
"267",2019-05-15,3974,3929,1288,1939,3676,2695,"Wednesday"
"268",2019-05-16,3790,3883,1314,2052,3616,2765,"Thursday"
"269",2019-05-17,3204,3076,1058,1611,2983,2210,"Friday"
"270",2019-05-18,1649,1275,627,841,1639,1866,"Saturday"
"271",2019-05-19,1503,1016,553,710,1589,1704,"Sunday"
"272",2019-05-20,3604,3684,1250,1897,3605,2655,"Monday"
"273",2019-05-21,4204,3902,1359,2208,3802,2787,"Tuesday"
"274",2019-05-22,4143,4056,1360,2050,3731,2613,"Wednesday"
"275",2019-05-23,4137,3951,1453,2105,3629,2622,"Thursday"
"276",2019-05-24,3426,3448,1161,1845,3237,2437,"Friday"
"277",2019-05-25,1660,1335,615,909,1862,1996,"Saturday"
"278",2019-05-26,1330,1109,519,701,1554,1578,"Sunday"
"279",2019-05-27,1425,1082,615,754,1616,1789,"Monday"
"280",2019-05-28,3316,3355,1182,1769,3163,2405,"Tuesday"
"281",2019-06-01,2013,1519,890,1011,2258,2252,"Saturday"
"282",2019-06-02,1871,1156,713,861,1855,1864,"Sunday"
"283",2019-06-03,3606,3710,1281,1884,3697,2444,"Monday"
"284",2019-06-04,3472,3373,1191,1624,3108,2310,"Tuesday"
"285",2019-06-05,3902,3864,1383,2021,3645,2513,"Wednesday"
"286",2019-06-06,3837,3883,1389,2089,3521,2481,"Thursday"
"287",2019-06-07,2637,2596,829,1388,2389,1595,"Friday"
"288",2019-06-08,1498,1254,699,732,1495,1649,"Saturday"
"289",2019-06-09,1526,1168,582,727,1572,1786,"Sunday"
"290",2019-06-10,1508,1489,451,722,1463,816,"Monday"
"291",2019-06-11,3660,3700,1202,1936,3356,2317,"Tuesday"
"292",2019-06-12,3035,2883,956,1342,2553,1656,"Wednesday"
"293",2019-06-13,2986,3080,963,1619,2671,1696,"Thursday"
"294",2019-06-14,3338,3236,1173,1871,2928,2234,"Friday"
"295",2019-06-15,1580,1216,594,715,1634,1796,"Saturday"
"296",2019-06-16,1290,784,555,678,1345,1501,"Sunday"
"297",2019-06-17,3702,3691,1302,2093,3647,2666,"Monday"
"298",2019-06-18,3234,3231,1065,1620,2959,2009,"Tuesday"
"299",2019-06-19,3520,3437,1209,1878,3286,2162,"Wednesday"
"300",2019-06-20,3796,3740,1281,2163,3585,2670,"Thursday"
"301",2019-06-21,3532,3568,1297,1956,3396,2629,"Friday"
"302",2019-06-22,1868,1394,742,1100,1874,2293,"Saturday"
"303",2019-06-23,1508,1081,599,826,1681,1612,"Sunday"
"304",2019-06-24,3737,3616,1269,2141,3389,2655,"Monday"
"305",2019-06-25,3727,3753,1308,2037,3304,2603,"Tuesday"
"306",2019-06-26,4058,4043,1278,2165,3560,2592,"Wednesday"
"307",2019-06-27,4024,3992,1411,2205,3619,2780,"Thursday"
"308",2019-06-28,3498,3491,1321,1988,3366,2704,"Friday"
"309",2019-07-01,3709,3654,1288,2085,3543,2709,"Monday"
"310",2019-07-02,3880,4047,1510,2245,3671,2918,"Tuesday"
"311",2019-07-03,3903,3963,1458,2379,3787,3053,"Wednesday"
"312",2019-07-04,4159,4107,1469,2438,3697,3038,"Thursday"
"313",2019-07-05,3824,3818,1278,2103,3446,2836,"Friday"
"314",2019-07-06,1833,1312,656,926,2088,2755,"Saturday"
"315",2019-07-07,1645,1282,695,803,1685,1889,"Sunday"
"316",2019-07-08,3932,3708,1350,2102,3547,2648,"Monday"
"317",2019-07-09,4237,4095,1462,2272,3618,2835,"Tuesday"
"318",2019-07-10,4207,4042,1484,2172,3592,2945,"Wednesday"
"319",2019-07-11,4002,4078,1392,2326,3656,2792,"Thursday"
"320",2019-07-12,3681,3837,1355,2055,3423,2657,"Friday"
"321",2019-07-13,1979,1471,761,1100,1832,2181,"Saturday"
"322",2019-07-14,1542,1128,594,775,1627,1619,"Sunday"
"323",2019-07-15,3708,3755,1319,2034,3344,2631,"Monday"
"324",2019-07-16,3900,4017,1452,2395,3429,2839,"Tuesday"
"325",2019-07-17,3942,3887,1416,2095,3564,2799,"Wednesday"
"326",2019-07-18,3347,3263,1218,1792,2799,2417,"Thursday"
"327",2019-07-19,2696,2651,936,1477,2323,1583,"Friday"
"328",2019-07-20,1677,1265,674,836,1748,2042,"Saturday"
"329",2019-07-21,1603,1284,681,858,1716,2012,"Sunday"
"330",2019-07-22,3769,3633,1299,2147,3443,2791,"Monday"
"331",2019-07-23,3973,4002,1390,2081,3486,2869,"Tuesday"
"332",2019-07-24,3709,3937,1294,2167,3333,2779,"Wednesday"
"333",2019-07-25,3369,3498,1294,1885,2924,2461,"Thursday"
"334",2019-07-26,2688,2860,1032,1687,2430,2139,"Friday"
"335",2019-07-27,1171,989,416,538,1183,1118,"Saturday"
"336",2019-07-28,1438,1178,676,845,1554,1548,"Sunday"
"337",2019-08-01,3711,3879,1391,2222,3323,2735,"Thursday"
"338",2019-08-02,3086,3396,1264,1970,2939,2599,"Friday"
"339",2019-08-03,1996,2140,900,2357,2376,5091,"Saturday"
"340",2019-08-04,1534,1227,861,794,1811,1906,"Sunday"
"341",2019-08-05,2903,2992,1239,1884,2882,2104,"Monday"
"342",2019-08-06,3551,3576,1308,2054,3367,2676,"Tuesday"
"343",2019-08-07,3465,3707,1280,2067,3168,2380,"Wednesday"
"344",2019-08-08,3534,3881,1463,2035,3411,2771,"Thursday"
"345",2019-08-09,2790,2980,1152,1652,2710,2024,"Friday"
"346",2019-08-10,1364,1007,574,718,1459,1457,"Saturday"
"347",2019-08-11,1418,1109,638,730,1582,1640,"Sunday"
"348",2019-08-12,2844,2735,1041,1573,2698,2101,"Monday"
"349",2019-08-13,3619,3708,1291,2063,3305,2701,"Tuesday"
"350",2019-08-14,2063,2230,728,1163,1750,1069,"Wednesday"
"351",2019-08-15,3532,3715,1239,2125,3224,2688,"Thursday"
"352",2019-08-16,2487,2489,834,1373,2162,1543,"Friday"
"353",2019-08-17,1646,1147,604,777,1675,1838,"Saturday"
"354",2019-08-18,1173,1004,470,640,1293,1493,"Sunday"
"355",2019-08-19,3218,3209,1119,1795,2924,2294,"Monday"
"356",2019-08-20,3618,3727,1393,2014,3187,2744,"Tuesday"
"357",2019-08-21,3519,3654,1420,2085,3204,2642,"Wednesday"
"358",2019-08-22,3536,3695,1297,1980,3095,2588,"Thursday"
"359",2019-08-23,3052,3141,1097,1817,2851,2458,"Friday"
"360",2019-08-24,1524,1156,808,796,1613,1930,"Saturday"
"361",2019-08-25,1414,1066,683,714,1490,1969,"Sunday"
"362",2019-08-26,1407,1097,671,888,1649,2047,"Monday"
"363",2019-08-27,3544,3475,1283,1816,3044,2699,"Tuesday"
"364",2019-08-28,3372,3356,1273,1917,3044,2421,"Wednesday"
"365",2019-09-01,1470,1096,582,701,1469,1476,"Sunday"
"366",2019-09-02,3324,3498,1243,2006,3079,2249,"Monday"
"367",2019-09-03,3507,3861,1251,1995,3215,2603,"Tuesday"
"368",2019-09-04,3420,3674,1224,1789,3124,2127,"Wednesday"
"369",2019-09-05,3483,3870,1324,2117,3308,2461,"Thursday"
"370",2019-09-06,3146,3478,1118,1812,2893,2095,"Friday"
"371",2019-09-07,1386,1099,637,747,1574,1953,"Saturday"
"372",2019-09-08,1366,1014,588,667,1425,1576,"Sunday"
"373",2019-09-09,3211,3189,1085,1674,2956,1876,"Monday"
"374",2019-09-10,3502,3897,1239,2121,3333,2483,"Tuesday"
"375",2019-09-11,3649,3829,1248,2175,3271,2390,"Wednesday"
"376",2019-09-12,3707,3970,1378,2207,3467,2719,"Thursday"
"377",2019-09-13,3426,3674,1338,2025,3199,2454,"Friday"
"378",2019-09-14,1651,1282,707,859,1612,2449,"Saturday"
"379",2019-09-15,1566,1054,643,796,1368,1815,"Sunday"
"380",2019-09-16,3369,3441,1170,1909,3230,2266,"Monday"
"381",2019-09-17,3820,4000,1398,2255,3456,2741,"Tuesday"
"382",2019-09-18,3909,4020,1401,2234,3439,2664,"Wednesday"
"383",2019-09-19,3716,4010,1346,2271,3515,2692,"Thursday"
"384",2019-09-20,3723,3918,1226,2051,3366,2746,"Friday"
"385",2019-09-21,1919,1662,732,969,1956,2295,"Saturday"
"386",2019-09-22,1515,1890,927,1063,1470,1560,"Sunday"
"387",2019-09-23,3258,3343,1134,1860,3407,2168,"Monday"
"388",2019-09-24,2175,1974,760,1219,2271,1431,"Tuesday"
"389",2019-09-25,3337,3319,1102,1839,3205,2281,"Wednesday"
"390",2019-09-26,3072,3119,996,1674,2747,2117,"Thursday"
"391",2019-09-27,2939,3211,1061,1739,2900,2150,"Friday"
"392",2019-09-28,1522,1139,527,673,1699,1488,"Saturday"
"393",2019-10-01,2824,2796,919,1547,2713,1672,"Tuesday"
"394",2019-10-02,3552,3525,1172,2091,3734,2500,"Wednesday"
"395",2019-10-03,3448,3559,1147,2001,3615,2312,"Thursday"
"396",2019-10-04,3316,3278,1140,1928,3214,2513,"Friday"
"397",2019-10-05,1555,1068,695,737,1703,1788,"Saturday"
"398",2019-10-06,1232,829,418,499,1333,1423,"Sunday"
"399",2019-10-07,2984,3026,1036,1732,2991,2182,"Monday"
"400",2019-10-08,3465,3496,1052,2002,3329,2492,"Tuesday"
"401",2019-10-09,3697,3620,1179,1879,3538,2631,"Wednesday"
"402",2019-10-10,3750,3608,1204,2060,3677,2943,"Thursday"
"403",2019-10-11,2751,2786,848,1524,2660,1994,"Friday"
"404",2019-10-12,718,476,190,227,814,595,"Saturday"
"405",2019-10-13,1047,615,336,391,947,1005,"Sunday"
"406",2019-10-14,2262,2297,768,1230,2462,1658,"Monday"
"407",2019-10-15,3432,3577,1163,2034,3596,2538,"Tuesday"
"408",2019-10-16,3097,3111,1051,1686,3148,2245,"Wednesday"
"409",2019-10-17,3141,3271,1127,1759,3240,2236,"Thursday"
"410",2019-10-18,2997,3100,1011,1727,2981,2112,"Friday"
"411",2019-10-19,1353,993,533,628,1727,1731,"Saturday"
"412",2019-10-20,1227,870,465,450,1318,1154,"Sunday"
"413",2019-10-21,2466,2576,835,1400,2472,1734,"Monday"
"414",2019-10-22,3291,3555,1132,2076,3310,2487,"Tuesday"
"415",2019-10-23,3260,3532,1081,1893,3152,2221,"Wednesday"
"416",2019-10-24,2592,2553,842,1386,2535,1721,"Thursday"
"417",2019-10-25,2864,3031,989,1721,2828,2217,"Friday"
"418",2019-10-26,997,716,282,332,890,740,"Saturday"
"419",2019-10-27,1264,907,410,531,1262,1170,"Sunday"
"420",2019-10-28,3026,3171,1004,1718,3049,2069,"Monday"
"421",2019-11-01,2573,2494,755,1384,2541,1689,"Friday"
"422",2019-11-02,871,684,247,290,815,662,"Saturday"
"423",2019-11-03,1060,765,288,459,1132,1020,"Sunday"
"424",2019-11-04,3162,3212,997,1683,2976,2010,"Monday"
"425",2019-11-05,3335,3361,1117,1961,3098,2091,"Tuesday"
"426",2019-11-06,3227,3213,1076,1806,3125,2192,"Wednesday"
"427",2019-11-07,3138,3316,1148,1882,3076,2210,"Thursday"
"428",2019-11-08,2830,2783,988,1617,2683,1885,"Friday"
"429",2019-11-09,883,562,262,412,821,715,"Saturday"
"430",2019-11-10,1154,793,385,467,1226,1160,"Sunday"
"431",2019-11-11,3146,3056,1053,1731,3214,2031,"Monday"
"432",2019-11-12,3074,3141,1007,1739,3077,1971,"Tuesday"
"433",2019-11-13,3254,3342,1116,1931,3186,2091,"Wednesday"
"434",2019-11-14,3248,3248,1067,1848,3112,2083,"Thursday"
"435",2019-11-15,2492,2395,779,1381,2253,1474,"Friday"
"436",2019-11-16,1170,917,474,492,1258,1244,"Saturday"
"437",2019-11-17,1149,844,400,535,1157,1105,"Sunday"
"438",2019-11-18,3133,3317,1086,1855,3190,1984,"Monday"
"439",2019-11-19,3422,3306,1048,1843,3226,2131,"Tuesday"
"440",2019-11-20,3188,3351,1063,1777,3179,2218,"Wednesday"
"441",2019-11-21,3113,3087,947,1792,3031,1982,"Thursday"
"442",2019-11-22,2840,2754,886,1531,2591,1702,"Friday"
"443",2019-11-23,1161,765,314,431,999,893,"Saturday"
"444",2019-11-24,1032,652,353,403,958,847,"Sunday"
"445",2019-11-25,2740,2987,940,1546,2815,1809,"Monday"
"446",2019-11-26,3106,3158,928,1697,2984,1864,"Tuesday"
"447",2019-11-27,3048,3047,962,1658,2790,1855,"Wednesday"
"448",2019-11-28,2972,2955,906,1649,2752,1818,"Thursday"
"449",2019-12-01,1039,642,286,333,979,745,"Sunday"
"450",2019-12-02,2866,3103,975,1686,2942,1837,"Monday"
"451",2019-12-03,3361,3345,1100,1777,3198,2162,"Tuesday"
"452",2019-12-04,3263,3339,1081,1774,3127,2104,"Wednesday"
"453",2019-12-05,3204,3315,1077,1799,3089,2065,"Thursday"
"454",2019-12-06,2433,2332,703,1244,2347,1521,"Friday"
"455",2019-12-07,1258,910,314,511,1382,1136,"Saturday"
"456",2019-12-08,977,659,286,292,1073,782,"Sunday"
"457",2019-12-09,2930,3150,962,1697,2892,1851,"Monday"
"458",2019-12-10,2770,2983,876,1572,2728,1615,"Tuesday"
"459",2019-12-11,3108,3182,968,1722,3025,1874,"Wednesday"
"460",2019-12-12,2299,2235,733,1249,2204,1198,"Thursday"
"461",2019-12-13,2495,2511,783,1468,2350,1496,"Friday"
"462",2019-12-14,1024,636,303,376,1033,829,"Saturday"
"463",2019-12-15,928,681,277,344,851,743,"Sunday"
"464",2019-12-16,2689,2917,873,1584,2411,1552,"Monday"
"465",2019-12-17,2365,2254,741,1260,1964,1242,"Tuesday"
"466",2019-12-18,2656,2950,899,1577,2549,1616,"Wednesday"
"467",2019-12-19,2502,2569,876,1288,2212,1453,"Thursday"
"468",2019-12-20,1529,1446,512,751,1301,902,"Friday"
"469",2019-12-21,663,413,142,194,618,546,"Saturday"
"470",2019-12-22,606,425,237,241,664,691,"Sunday"
"471",2019-12-23,1362,1429,562,881,1354,1186,"Monday"
"472",2019-12-24,849,789,278,500,786,656,"Tuesday"
"473",2019-12-25,1504,1026,1613,2338,2499,3939,"Wednesday"
"474",2019-12-26,259,177,118,254,568,412,"Thursday"
"475",2019-12-27,719,645,386,504,975,977,"Friday"
"476",2019-12-28,506,362,285,367,781,859,"Saturday"
"477",2020-01-01,491,346,236,320,632,617,"Wednesday"
"478",2020-01-02,1578,1762,714,1052,1714,1202,"Thursday"
"479",2020-01-03,1719,1737,665,1059,1696,1268,"Friday"
"480",2020-01-04,962,632,330,461,985,898,"Saturday"
"481",2020-01-05,734,517,262,295,708,595,"Sunday"
"482",2020-01-06,2719,2899,978,1585,2442,1496,"Monday"
"483",2020-01-07,3111,3194,1093,1697,2958,1820,"Tuesday"
"484",2020-01-08,3213,3254,1050,1709,2860,1867,"Wednesday"
"485",2020-01-09,3000,3185,995,1752,2733,1771,"Thursday"
"486",2020-01-10,2907,3156,999,1685,2633,1680,"Friday"
"487",2020-01-11,1189,765,314,422,1176,975,"Saturday"
"488",2020-01-12,1042,669,309,318,1049,844,"Sunday"
"489",2020-01-13,2785,2784,881,1582,2702,1623,"Monday"
"490",2020-01-14,2745,2901,856,1542,2616,1490,"Tuesday"
"491",2020-01-15,2333,2223,765,1368,2512,1435,"Wednesday"
"492",2020-01-16,3052,3075,1012,1895,2844,1720,"Thursday"
"493",2020-01-17,2843,3023,913,1644,2813,1685,"Friday"
"494",2020-01-18,1200,851,416,499,1297,1037,"Saturday"
"495",2020-01-19,1142,759,327,431,1068,799,"Sunday"
"496",2020-01-20,3090,3156,994,1816,3211,1914,"Monday"
"497",2020-01-21,3108,3196,1014,1847,3250,2070,"Tuesday"
"498",2020-01-22,3112,3127,990,1813,3118,1993,"Wednesday"
"499",2020-01-23,3348,3240,1049,1836,3246,1973,"Thursday"
"500",2020-01-24,2875,2947,981,1690,2871,1804,"Friday"
"501",2020-01-25,1252,830,369,477,1275,1040,"Saturday"
"502",2020-01-26,961,578,276,295,894,691,"Sunday"
"503",2020-01-27,2793,2723,904,1600,2668,1656,"Monday"
"504",2020-01-28,3186,3210,1048,1712,3267,1987,"Tuesday"
"505",2020-02-01,1364,949,384,522,1352,1294,"Saturday"
"506",2020-02-02,1078,768,337,398,1137,807,"Sunday"
"507",2020-02-03,3104,3085,1012,1761,3115,1950,"Monday"
"508",2020-02-04,3184,3240,1070,1835,3275,1985,"Tuesday"
"509",2020-02-05,3315,3303,1092,1840,3247,2078,"Wednesday"
"510",2020-02-06,3241,3317,1123,1838,3343,2096,"Thursday"
"511",2020-02-07,3012,3079,1045,1756,2957,2068,"Friday"
"512",2020-02-08,1458,1007,477,694,1457,1294,"Saturday"
"513",2020-02-09,543,327,103,152,547,297,"Sunday"
"514",2020-02-10,2487,2471,762,1462,2568,1533,"Monday"
"515",2020-02-11,3031,3141,950,1826,3027,1934,"Tuesday"
"516",2020-02-12,3132,3272,1015,1833,3066,2048,"Wednesday"
"517",2020-02-13,2960,2997,871,1776,2851,1824,"Thursday"
"518",2020-02-14,2965,2850,906,1651,2839,1922,"Friday"
"519",2020-02-15,735,472,177,259,730,479,"Saturday"
"520",2020-02-16,518,271,103,162,574,290,"Sunday"
"521",2020-02-17,2712,2712,933,1631,2608,1775,"Monday"
"522",2020-02-18,2788,2834,874,1626,2765,1692,"Tuesday"
"523",2020-02-19,2719,2699,876,1558,2602,1636,"Wednesday"
"524",2020-02-20,2574,2594,844,1467,2382,1495,"Thursday"
"525",2020-02-21,2659,2654,777,1413,2362,1642,"Friday"
"526",2020-02-22,1219,926,478,598,1346,1176,"Saturday"
"527",2020-02-23,989,606,341,304,890,830,"Sunday"
"528",2020-02-24,2605,2797,854,1489,2560,1531,"Monday"
"529",2020-02-25,3015,2991,995,1728,3086,1814,"Tuesday"
"530",2020-02-26,3151,3182,993,1845,2910,1871,"Wednesday"
"531",2020-02-27,2376,2104,748,1219,2329,1360,"Thursday"
"532",2020-02-28,2140,2188,723,1211,2066,1213,"Friday"
"533",2020-03-01,970,695,332,478,968,836,"Sunday"
"534",2020-03-02,2845,3000,891,1707,2782,1806,"Monday"
"535",2020-03-03,3119,3160,1049,1879,3138,2121,"Tuesday"
"536",2020-03-04,2598,2618,845,1478,2588,1570,"Wednesday"
"537",2020-03-05,2070,1870,649,1191,1906,1129,"Thursday"
"538",2020-03-06,2914,2670,942,1709,2923,1910,"Friday"
"539",2020-03-07,1342,870,485,598,1406,1241,"Saturday"
"540",2020-03-08,875,698,334,346,1094,795,"Sunday"
"541",2020-03-09,2551,2553,810,1522,2554,1642,"Monday"
"542",2020-03-10,3179,3111,1010,1699,3135,2041,"Tuesday"
"543",2020-03-11,3082,2960,1037,1843,3141,2060,"Wednesday"
"544",2020-03-12,2896,2690,935,1663,2746,1855,"Thursday"
"545",2020-03-13,2455,2328,808,1452,2389,1765,"Friday"
"546",2020-03-14,1156,806,398,483,1262,1061,"Saturday"
"547",2020-03-15,934,569,232,323,802,608,"Sunday"
"548",2020-03-16,2155,2044,792,1447,2150,1472,"Monday"
"549",2020-03-17,1626,1463,531,945,1643,1055,"Tuesday"
"550",2020-03-18,1323,1139,450,824,1261,877,"Wednesday"
"551",2020-03-19,1061,919,357,587,1108,582,"Thursday"
"552",2020-03-20,1093,856,334,493,959,580,"Friday"
"553",2020-03-21,851,518,243,471,711,573,"Saturday"
"554",2020-03-22,690,407,245,428,567,539,"Sunday"
"555",2020-03-23,774,629,229,406,697,387,"Monday"
"556",2020-03-24,603,473,154,325,511,332,"Tuesday"
"557",2020-03-25,560,415,180,301,529,342,"Wednesday"
"558",2020-03-26,587,377,147,307,538,365,"Thursday"
"559",2020-03-27,621,438,171,311,577,339,"Friday"
"560",2020-03-28,744,396,207,300,512,435,"Saturday"
"561",2020-04-01,586,397,144,264,529,277,"Wednesday"
"562",2020-04-02,557,421,167,247,496,339,"Thursday"
"563",2020-04-03,676,431,159,274,610,376,"Friday"
"564",2020-04-04,1038,581,323,585,780,772,"Saturday"
"565",2020-04-05,1421,687,405,783,1108,1224,"Sunday"
"566",2020-04-06,632,397,152,297,525,391,"Monday"
"567",2020-04-07,710,588,185,379,729,489,"Tuesday"
"568",2020-04-08,755,485,193,346,663,439,"Wednesday"
"569",2020-04-09,851,556,229,424,917,569,"Thursday"
"570",2020-04-10,1451,723,370,736,1027,1069,"Friday"
"571",2020-04-11,1770,894,426,786,1328,1380,"Saturday"
"572",2020-04-12,1568,716,390,724,1038,1183,"Sunday"
"573",2020-04-13,1028,458,236,466,689,650,"Monday"
"574",2020-04-14,840,504,269,309,727,493,"Tuesday"
"575",2020-04-15,881,600,210,484,833,628,"Wednesday"
"576",2020-04-16,895,621,198,441,797,581,"Thursday"
"577",2020-04-17,693,455,143,297,635,371,"Friday"
"578",2020-04-18,1189,640,298,425,828,704,"Saturday"
"579",2020-04-19,2035,1001,640,1048,1321,1648,"Sunday"
"580",2020-04-20,906,580,263,392,876,593,"Monday"
"581",2020-04-21,995,622,241,496,805,664,"Tuesday"
"582",2020-04-22,1073,710,262,522,927,725,"Wednesday"
"583",2020-04-23,1145,737,287,493,997,878,"Thursday"
"584",2020-04-24,1296,768,286,551,925,752,"Friday"
"585",2020-04-25,2029,875,490,1085,1388,1384,"Saturday"
"586",2020-04-26,1925,917,597,1140,1376,1440,"Sunday"
"587",2020-04-27,907,686,220,488,848,575,"Monday"
"588",2020-04-28,348,270,63,153,258,164,"Tuesday"
"589",2020-05-01,811,499,211,374,726,532,"Friday"
"590",2020-05-02,2003,1039,529,1105,1408,1502,"Saturday"
"591",2020-05-03,1515,754,463,665,1049,967,"Sunday"
"592",2020-05-04,858,602,287,481,833,594,"Monday"
"593",2020-05-05,940,623,269,506,800,548,"Tuesday"
"594",2020-05-06,1056,748,361,589,1035,839,"Wednesday"
"595",2020-05-07,1195,753,386,696,1272,1011,"Thursday"
"596",2020-05-08,2055,1108,709,1439,1397,2011,"Friday"
"597",2020-05-09,2366,1182,677,1201,1561,1953,"Saturday"
"598",2020-05-10,1219,648,327,569,815,884,"Sunday"
"599",2020-05-11,738,530,185,365,726,451,"Monday"
"600",2020-05-12,1048,755,236,596,918,709,"Tuesday"
"601",2020-05-13,940,691,265,540,875,543,"Wednesday"
"602",2020-05-14,1054,714,303,522,994,643,"Thursday"
"603",2020-05-15,1277,910,306,726,1193,983,"Friday"
"604",2020-05-16,2256,1120,703,1236,1711,1703,"Saturday"
"605",2020-05-17,2521,1051,685,1480,1724,1832,"Sunday"
"606",2020-05-18,1345,1026,324,769,1116,936,"Monday"
"607",2020-05-19,1571,1117,534,875,1455,1312,"Tuesday"
"608",2020-05-20,1665,1296,691,1053,1667,1426,"Wednesday"
"609",2020-05-21,1585,1187,501,927,1475,1119,"Thursday"
"610",2020-05-22,1664,1212,602,974,1521,1341,"Friday"
"611",2020-05-23,1916,930,657,1018,1576,1443,"Saturday"
"612",2020-05-24,2190,1261,979,1498,1943,2380,"Sunday"
"613",2020-05-25,2613,1348,1005,1609,2256,2709,"Monday"
"614",2020-05-26,1647,1235,624,871,1507,1242,"Tuesday"
"615",2020-05-27,1707,1289,575,903,1577,1331,"Wednesday"
"616",2020-05-28,1782,1317,697,949,1647,1495,"Thursday"
"617",2020-06-01,1657,1246,587,921,1651,1534,"Monday"
"618",2020-06-02,1955,1716,666,1154,1960,1800,"Tuesday"
"619",2020-06-03,1375,1322,505,931,1538,1183,"Wednesday"
"620",2020-06-04,1480,1291,443,869,1436,1118,"Thursday"
"621",2020-06-05,1500,1258,483,784,1451,1037,"Friday"
"622",2020-06-06,1462,860,368,824,1076,1824,"Saturday"
"623",2020-06-07,1966,1021,670,1093,1405,1777,"Sunday"
"624",2020-06-08,1492,1259,531,823,1360,1207,"Monday"
"625",2020-06-09,1727,1546,625,1160,1687,1592,"Tuesday"
"626",2020-06-10,959,967,360,515,976,668,"Wednesday"
"627",2020-06-11,1342,1299,489,743,1306,886,"Thursday"
"628",2020-06-12,1437,1282,472,799,1385,1201,"Friday"
"629",2020-06-13,2954,1800,1211,1712,2480,2815,"Saturday"
"630",2020-06-14,2606,1388,821,1332,2091,2312,"Sunday"
"631",2020-06-15,1874,1613,690,1150,1898,1488,"Monday"
"632",2020-06-16,1830,1669,731,1015,1934,1434,"Tuesday"
"633",2020-06-17,1380,1371,570,834,1441,1089,"Wednesday"
"634",2020-06-18,1412,1159,507,778,1392,1096,"Thursday"
"635",2020-06-19,1913,1580,712,1002,1722,1473,"Friday"
"636",2020-06-20,2744,1743,902,1561,2312,2787,"Saturday"
"637",2020-06-21,2199,1342,683,1136,1707,2113,"Sunday"
"638",2020-06-22,1964,1713,770,1152,2005,1900,"Monday"
"639",2020-06-23,2198,1845,933,1257,2099,1943,"Tuesday"
"640",2020-06-24,2297,2062,1008,1327,2054,2123,"Wednesday"
"641",2020-06-25,2341,2050,937,1439,2142,2111,"Thursday"
"642",2020-06-26,2379,1903,858,1420,2124,1999,"Friday"
"643",2020-06-27,1958,1241,712,1031,1578,2005,"Saturday"
"644",2020-06-28,1952,1333,667,1204,1786,2057,"Sunday"
"645",2020-07-01,1724,1612,677,960,1689,1511,"Wednesday"
"646",2020-07-02,1551,1433,672,880,1557,1201,"Thursday"
"647",2020-07-03,1908,1786,830,1185,1938,1478,"Friday"
"648",2020-07-04,2000,1461,821,1197,1937,2110,"Saturday"
"649",2020-07-05,2079,1400,807,1198,1982,2216,"Sunday"
"650",2020-07-06,1734,1532,686,1200,1763,1439,"Monday"
"651",2020-07-07,1850,1715,721,1118,1665,1390,"Tuesday"
"652",2020-07-08,1372,1135,509,698,1237,967,"Wednesday"
"653",2020-07-09,1660,1430,593,898,1467,1169,"Thursday"
"654",2020-07-10,2131,1797,765,1077,1983,1725,"Friday"
"655",2020-07-11,2388,1651,895,1470,2127,2694,"Saturday"
"656",2020-07-12,2019,1324,873,1197,1872,2485,"Sunday"
"657",2020-07-13,1890,1665,731,1025,1927,1549,"Monday"
"658",2020-07-14,1951,1767,851,1101,1753,1567,"Tuesday"
"659",2020-07-15,2023,1834,814,1176,1855,1594,"Wednesday"
"660",2020-07-16,2012,1909,903,1247,1949,1772,"Thursday"
"661",2020-07-17,2329,1954,908,1412,2311,2208,"Friday"
"662",2020-07-18,2537,1825,935,1757,2484,2852,"Saturday"
"663",2020-07-19,1660,1106,714,895,1595,1722,"Sunday"
"664",2020-07-20,1965,1727,891,1218,1997,1800,"Monday"
"665",2020-07-21,2137,1907,953,1409,2155,2026,"Tuesday"
"666",2020-07-22,2273,2187,1004,1344,2227,1960,"Wednesday"
"667",2020-07-23,2087,2160,1040,1522,2237,1954,"Thursday"
"668",2020-07-24,2124,2173,870,1411,2186,2137,"Friday"
"669",2020-07-25,1440,1161,546,600,1188,1278,"Saturday"
"670",2020-07-26,1630,1191,662,941,1500,1756,"Sunday"
"671",2020-07-27,1331,1414,566,814,1415,1163,"Monday"
"672",2020-07-28,2091,2006,842,1313,2023,1825,"Tuesday"
"673",2020-08-01,2304,1805,977,1464,2305,2675,"Saturday"
"674",2020-08-02,1930,1522,818,1171,1839,2419,"Sunday"
"675",2020-08-03,2166,1981,827,1305,2019,1847,"Monday"
"676",2020-08-04,2421,2318,966,1410,2053,2054,"Tuesday"
"677",2020-08-05,2452,2296,985,1496,2296,2200,"Wednesday"
"678",2020-08-06,2294,2318,1005,1473,2150,1984,"Thursday"
"679",2020-08-07,2300,2174,939,1378,2155,2152,"Friday"
"680",2020-08-08,2312,1961,813,1492,2033,2508,"Saturday"
"681",2020-08-09,2035,1626,789,1133,1805,2389,"Sunday"
"682",2020-08-10,2315,2136,944,1285,2213,2101,"Monday"
"683",2020-08-11,2453,2420,1014,1385,2115,2118,"Tuesday"
"684",2020-08-12,2521,2643,1092,1514,2276,2215,"Wednesday"
"685",2020-08-13,2065,2183,794,1278,1937,1701,"Thursday"
"686",2020-08-14,1879,1705,720,999,1720,1390,"Friday"
"687",2020-08-15,1555,1175,486,896,1501,1705,"Saturday"
"688",2020-08-16,1692,1180,705,947,1429,1702,"Sunday"
"689",2020-08-17,1773,1859,792,1222,1760,1704,"Monday"
"690",2020-08-18,2371,2434,977,1474,2270,2004,"Tuesday"
"691",2020-08-19,1507,1413,478,905,1322,929,"Wednesday"
"692",2020-08-20,2543,2434,919,1644,2358,2036,"Thursday"
"693",2020-08-21,2191,2044,789,1241,2047,1821,"Friday"
"694",2020-08-22,2046,1675,957,1382,1968,2619,"Saturday"
"695",2020-08-23,1883,1426,687,1196,1614,2225,"Sunday"
"696",2020-08-24,1934,2089,865,1156,1951,1707,"Monday"
"697",2020-08-25,1694,1711,681,969,1673,1540,"Tuesday"
"698",2020-08-26,2405,2484,920,1523,2528,2373,"Wednesday"
"699",2020-08-27,1649,1653,620,958,1580,1151,"Thursday"
"700",2020-08-28,1774,1669,673,930,1680,1453,"Friday"
"701",2020-09-01,2296,2314,875,1316,2165,2016,"Tuesday"
"702",2020-09-02,2082,2185,890,1228,1970,1710,"Wednesday"
"703",2020-09-03,2022,2138,856,1275,1883,1570,"Thursday"
"704",2020-09-04,2141,2298,947,1304,2112,1995,"Friday"
"705",2020-09-05,2179,1699,863,1145,1978,2515,"Saturday"
"706",2020-09-06,1874,1527,803,1108,1802,2327,"Sunday"
"707",2020-09-07,2209,2191,862,1301,2012,1763,"Monday"
"708",2020-09-08,2465,2618,949,1441,2225,2028,"Tuesday"
"709",2020-09-09,2644,2674,1026,1570,2552,2153,"Wednesday"
"710",2020-09-10,2542,2871,1048,1599,2533,2053,"Thursday"
"711",2020-09-11,2395,2471,879,1494,2320,2036,"Friday"
"712",2020-09-12,2492,1889,929,1380,2514,2679,"Saturday"
"713",2020-09-13,2210,1508,1035,1281,2046,2565,"Sunday"
"714",2020-09-14,2063,1966,782,1223,1964,1574,"Monday"
"715",2020-09-15,2831,2837,1128,1797,2509,2269,"Tuesday"
"716",2020-09-16,2827,2941,1065,1697,2708,2393,"Wednesday"
"717",2020-09-17,2869,3039,1177,1751,2637,2282,"Thursday"
"718",2020-09-18,2696,2703,1156,1520,2458,2210,"Friday"
"719",2020-09-19,2608,2086,1110,1574,2675,3120,"Saturday"
"720",2020-09-20,2325,1585,997,1407,2287,2652,"Sunday"
"721",2020-09-21,2561,2494,1017,1519,2451,2253,"Monday"
"722",2020-09-22,3221,3078,1309,1830,3027,2594,"Tuesday"
"723",2020-09-23,2263,2285,902,1327,2159,1636,"Wednesday"
"724",2020-09-24,2369,2365,924,1303,2289,1702,"Thursday"
"725",2020-09-25,2052,2047,758,1063,2184,1688,"Friday"
"726",2020-09-26,1785,1381,802,966,1919,1969,"Saturday"
"727",2020-09-27,1567,1082,569,672,1494,1354,"Sunday"
"728",2020-09-28,2119,2245,874,1162,2327,1835,"Monday"
"729",2020-10-01,2381,2490,857,1442,2329,1775,"Thursday"
"730",2020-10-02,948,870,380,445,961,510,"Friday"
"731",2020-10-03,1471,936,425,603,1345,1204,"Saturday"
"732",2020-10-04,626,295,218,159,575,312,"Sunday"
"733",2020-10-05,1819,1710,748,927,1755,1257,"Monday"
"734",2020-10-06,2237,2184,862,1190,2189,1723,"Tuesday"
"735",2020-10-07,2362,2417,986,1348,2407,1851,"Wednesday"
"736",2020-10-08,2139,2104,855,1205,2044,1493,"Thursday"
"737",2020-10-09,2209,2036,832,1086,2187,1492,"Friday"
"738",2020-10-10,2087,1717,790,1061,2019,1983,"Saturday"
"739",2020-10-11,1786,1343,784,1105,1810,1717,"Sunday"
"740",2020-10-12,1562,1645,664,907,1664,1090,"Monday"
"741",2020-10-13,1657,1765,593,920,1551,1064,"Tuesday"
"742",2020-10-14,2150,2131,870,1294,2197,1462,"Wednesday"
"743",2020-10-15,2230,2175,878,1260,2083,1612,"Thursday"
"744",2020-10-16,2363,2155,940,1269,2204,1864,"Friday"
"745",2020-10-17,1942,1471,836,1011,1979,1837,"Saturday"
"746",2020-10-18,1656,1169,684,749,1791,1563,"Sunday"
"747",2020-10-19,2037,2097,812,1196,2070,1617,"Monday"
"748",2020-10-20,2407,2173,863,1299,2240,1767,"Tuesday"
"749",2020-10-21,1459,1362,525,673,1273,961,"Wednesday"
"750",2020-10-22,2341,2240,882,1369,2243,1823,"Thursday"
"751",2020-10-23,2241,1990,816,1190,2353,1854,"Friday"
"752",2020-10-24,1589,1253,582,785,1752,1450,"Saturday"
"753",2020-10-25,1490,996,699,701,1636,1430,"Sunday"
"754",2020-10-26,1959,1964,788,1156,2156,1697,"Monday"
"755",2020-10-27,1557,1581,574,904,1658,1249,"Tuesday"
"756",2020-10-28,2030,1813,821,1141,1940,1588,"Wednesday"
"757",2020-11-01,1660,937,498,622,1670,1254,"Sunday"
"758",2020-11-02,2064,1940,829,1054,2185,1486,"Monday"
"759",2020-11-03,2226,1970,800,1109,2078,1533,"Tuesday"
"760",2020-11-04,2857,2591,977,1321,2570,1914,"Wednesday"
"761",2020-11-05,1437,1157,524,726,1509,878,"Thursday"
"762",2020-11-06,1427,1185,537,811,1434,993,"Friday"
"763",2020-11-07,2091,962,838,1303,1790,1816,"Saturday"
"764",2020-11-08,1544,841,603,807,1588,1428,"Sunday"
"765",2020-11-09,1342,1145,490,711,1447,989,"Monday"
"766",2020-11-10,1647,1410,583,824,1704,1282,"Tuesday"
"767",2020-11-11,1622,1416,655,805,1617,1313,"Wednesday"
"768",2020-11-12,1570,1438,682,1009,1660,1239,"Thursday"
"769",2020-11-13,1685,1401,608,969,1556,1227,"Friday"
"770",2020-11-14,983,533,351,429,841,709,"Saturday"
"771",2020-11-15,1220,619,507,629,1020,1032,"Sunday"
"772",2020-11-16,1349,1137,504,668,1336,1058,"Monday"
"773",2020-11-17,1459,1353,679,921,1633,1236,"Tuesday"
"774",2020-11-18,1508,1303,661,887,1509,1250,"Wednesday"
"775",2020-11-19,1414,1259,538,803,1451,1075,"Thursday"
"776",2020-11-20,1231,1039,442,570,1351,882,"Friday"
"777",2020-11-21,2035,1053,1025,1238,1790,2007,"Saturday"
"778",2020-11-22,1759,953,818,1130,1625,1979,"Sunday"
"779",2020-11-23,1394,1225,563,814,1603,1240,"Monday"
"780",2020-11-24,1547,1253,571,882,1652,1282,"Tuesday"
"781",2020-11-25,1583,1369,668,834,1749,1288,"Wednesday"
"782",2020-11-26,1614,1378,606,973,1656,1381,"Thursday"
"783",2020-11-27,1492,1308,552,907,1591,1476,"Friday"
"784",2020-11-28,1787,1174,954,1204,1613,2288,"Saturday"
"785",2020-12-01,1514,1301,622,929,1604,1411,"Tuesday"
"786",2020-12-02,1914,1764,734,898,1946,1484,"Wednesday"
"787",2020-12-03,1157,1183,458,524,1118,842,"Thursday"
"788",2020-12-04,1664,1453,597,746,1777,1486,"Friday"
"789",2020-12-05,1812,1362,668,964,2082,2193,"Saturday"
"790",2020-12-06,1315,867,434,628,1429,1207,"Sunday"
"791",2020-12-07,1505,1463,575,709,1578,1131,"Monday"
"792",2020-12-08,1744,1584,660,955,1649,1251,"Tuesday"
"793",2020-12-09,1756,1652,706,853,1656,1343,"Wednesday"
"794",2020-12-10,1773,1815,680,961,1685,1383,"Thursday"
"795",2020-12-11,1822,1605,669,888,1894,1438,"Friday"
"796",2020-12-12,1683,1304,630,920,1976,2095,"Saturday"
"797",2020-12-13,907,554,338,373,830,770,"Sunday"
"798",2020-12-14,1229,1222,453,593,1267,885,"Monday"
"799",2020-12-15,1822,1763,721,1117,1908,1727,"Tuesday"
"800",2020-12-16,1327,1226,472,616,1264,856,"Wednesday"
"801",2020-12-17,1595,1414,538,820,1593,1212,"Thursday"
"802",2020-12-18,1291,1130,501,624,1389,982,"Friday"
"803",2020-12-19,1086,737,408,494,1011,881,"Saturday"
"804",2020-12-20,905,590,375,648,896,854,"Sunday"
"805",2020-12-21,797,596,302,366,789,460,"Monday"
"806",2020-12-22,967,788,338,444,953,620,"Tuesday"
"807",2020-12-23,936,644,330,415,869,482,"Wednesday"
"808",2020-12-24,1043,642,395,509,968,593,"Thursday"
"809",2020-12-25,898,502,506,803,939,1110,"Friday"
"810",2020-12-26,619,319,249,454,657,698,"Saturday"
"811",2020-12-27,868,458,412,691,835,1097,"Sunday"
"812",2020-12-28,682,338,284,434,580,590,"Monday"
"813",2021-01-01,568,283,246,396,598,653,"Friday"
"814",2021-01-02,888,508,387,665,820,793,"Saturday"
"815",2021-01-03,661,414,293,435,705,525,"Sunday"
"816",2021-01-04,679,684,288,409,732,453,"Monday"
"817",2021-01-05,680,656,260,380,644,371,"Tuesday"
"818",2021-01-06,790,689,339,428,746,482,"Wednesday"
"819",2021-01-07,865,766,345,438,788,528,"Thursday"
"820",2021-01-08,772,712,359,361,792,421,"Friday"
"821",2021-01-09,1059,601,417,721,797,796,"Saturday"
"822",2021-01-10,791,452,313,439,622,487,"Sunday"
"823",2021-01-11,780,683,387,456,825,502,"Monday"
"824",2021-01-12,830,692,331,416,806,470,"Tuesday"
"825",2021-01-13,622,555,239,314,600,288,"Wednesday"
"826",2021-01-14,504,437,174,236,464,252,"Thursday"
"827",2021-01-15,905,730,374,514,886,558,"Friday"
"828",2021-01-16,783,365,229,391,688,425,"Saturday"
"829",2021-01-17,1401,718,516,818,1067,1006,"Sunday"
"830",2021-01-18,871,779,326,486,839,595,"Monday"
"831",2021-01-19,819,715,358,461,802,492,"Tuesday"
"832",2021-01-20,675,631,279,391,619,373,"Wednesday"
"833",2021-01-21,1017,854,414,522,989,579,"Thursday"
"834",2021-01-22,1036,846,392,594,985,624,"Friday"
"835",2021-01-23,1354,754,612,886,1264,1025,"Saturday"
"836",2021-01-24,397,214,187,204,404,279,"Sunday"
"837",2021-01-25,811,739,434,514,865,531,"Monday"
"838",2021-01-26,804,699,318,376,845,423,"Tuesday"
"839",2021-01-27,843,731,365,435,870,477,"Wednesday"
"840",2021-01-28,888,785,369,475,942,528,"Thursday"
"841",2021-02-01,881,779,339,482,881,525,"Monday"
"842",2021-02-02,1030,858,405,512,948,631,"Tuesday"
"843",2021-02-03,984,770,344,489,1010,563,"Wednesday"
"844",2021-02-04,803,698,326,419,830,447,"Thursday"
"845",2021-02-05,1153,1042,507,709,1196,778,"Friday"
"846",2021-02-06,1050,610,446,547,953,726,"Saturday"
"847",2021-02-07,420,222,105,136,397,208,"Sunday"
"848",2021-02-08,515,442,241,263,515,241,"Monday"
"849",2021-02-09,543,518,211,264,576,302,"Tuesday"
"850",2021-02-10,872,680,322,506,805,494,"Wednesday"
"851",2021-02-11,785,668,323,433,754,409,"Thursday"
"852",2021-02-12,838,690,324,438,889,459,"Friday"
"853",2021-02-13,970,544,387,520,872,614,"Saturday"
"854",2021-02-14,713,392,341,477,772,611,"Sunday"
"855",2021-02-15,823,722,385,570,931,544,"Monday"
"856",2021-02-16,785,747,363,451,909,476,"Tuesday"
"857",2021-02-17,809,716,337,460,958,506,"Wednesday"
"858",2021-02-18,946,873,439,674,1126,619,"Thursday"
"859",2021-02-19,1062,838,473,705,1169,710,"Friday"
"860",2021-02-20,1857,1152,1003,1820,1748,1985,"Saturday"
"861",2021-02-21,1588,1003,878,1138,1466,1566,"Sunday"
"862",2021-02-22,926,845,409,483,1006,635,"Monday"
"863",2021-02-23,1271,1041,542,831,1310,949,"Tuesday"
"864",2021-02-24,1221,1032,678,869,1402,927,"Wednesday"
"865",2021-02-25,1214,1026,519,692,1204,800,"Thursday"
"866",2021-02-26,1524,1241,887,1098,1667,1367,"Friday"
"867",2021-02-27,2336,1371,1357,2001,2057,2546,"Saturday"
"868",2021-02-28,1414,858,688,1199,1333,1341,"Sunday"
"869",2021-03-01,1078,965,531,695,1150,759,"Monday"
"870",2021-03-02,1215,1102,533,762,1216,887,"Tuesday"
"871",2021-03-03,847,790,368,498,925,492,"Wednesday"
"872",2021-03-04,1043,931,477,612,1061,658,"Thursday"
"873",2021-03-05,1205,1061,515,690,1328,869,"Friday"
"874",2021-03-06,1596,987,954,1094,1541,1331,"Saturday"
"875",2021-03-07,1412,913,814,1034,1306,1287,"Sunday"
"876",2021-03-08,1202,1058,518,729,1111,774,"Monday"
"877",2021-03-09,1493,1349,610,1026,1501,1189,"Tuesday"
"878",2021-03-10,871,764,330,434,816,487,"Wednesday"
"879",2021-03-11,1105,973,470,604,1225,678,"Thursday"
"880",2021-03-12,1216,1001,500,713,1328,816,"Friday"
"881",2021-03-13,1393,793,667,837,1217,1133,"Saturday"
"882",2021-03-14,1206,670,580,719,1159,937,"Sunday"
"883",2021-03-15,1092,989,461,650,1161,709,"Monday"
"884",2021-03-16,1220,1071,512,730,1207,855,"Tuesday"
"885",2021-03-17,1213,1125,588,799,1264,799,"Wednesday"
"886",2021-03-18,1133,1080,500,674,1107,746,"Thursday"
"887",2021-03-19,1536,1296,728,1081,1515,1155,"Friday"
"888",2021-03-20,1779,1284,886,1198,1698,1888,"Saturday"
"889",2021-03-21,1647,952,781,1261,1539,1553,"Sunday"
"890",2021-03-22,1259,1275,666,957,1522,1140,"Monday"
"891",2021-03-23,1352,1355,698,955,1491,1089,"Tuesday"
"892",2021-03-24,1337,1487,685,870,1466,1099,"Wednesday"
"893",2021-03-25,1195,1219,628,785,1346,927,"Thursday"
"894",2021-03-26,1103,1030,499,684,1089,826,"Friday"
"895",2021-03-27,1715,1379,1176,1583,1838,2081,"Saturday"
"896",2021-03-28,1257,719,512,832,1233,1209,"Sunday"
"897",2021-04-01,1820,1537,923,1335,1907,1774,"Thursday"
"898",2021-04-02,1558,1233,953,1463,1740,2058,"Friday"
"899",2021-04-03,1561,924,891,1253,1530,2102,"Saturday"
"900",2021-04-04,1927,1216,1121,1717,2148,2308,"Sunday"
"901",2021-04-05,1219,753,656,991,1416,1316,"Monday"
"902",2021-04-06,1148,1105,600,859,1225,1308,"Tuesday"
"903",2021-04-07,1366,1258,634,1029,1431,1262,"Wednesday"
"904",2021-04-08,1518,1471,690,1065,1600,1548,"Thursday"
"905",2021-04-09,1678,1494,746,1106,1669,1764,"Friday"
"906",2021-04-10,1232,805,652,738,1139,1235,"Saturday"
"907",2021-04-11,1371,973,670,1063,1436,1697,"Sunday"
"908",2021-04-12,1747,1485,760,999,1943,1532,"Monday"
"909",2021-04-13,1758,1724,748,1095,1951,1708,"Tuesday"
"910",2021-04-14,1903,1850,855,1176,2183,1875,"Wednesday"
"911",2021-04-15,1681,1644,777,962,1837,1491,"Thursday"
"912",2021-04-16,1941,1770,847,1186,2122,2083,"Friday"
"913",2021-04-17,2204,1506,903,1310,2283,2433,"Saturday"
"914",2021-04-18,1691,1292,779,1150,1956,1868,"Sunday"
"915",2021-04-19,1848,1788,775,1100,1992,1509,"Monday"
"916",2021-04-20,2080,1982,950,1331,2323,1865,"Tuesday"
"917",2021-04-21,1945,2074,756,1154,2181,1470,"Wednesday"
"918",2021-04-22,2180,2056,960,1255,2119,1752,"Thursday"
"919",2021-04-23,2099,2067,836,1196,2258,1660,"Friday"
"920",2021-04-24,2308,1553,989,1410,2401,2723,"Saturday"
"921",2021-04-25,1654,1171,619,872,1569,1468,"Sunday"
"922",2021-04-26,1774,1763,665,995,1945,1230,"Monday"
"923",2021-04-27,2002,2076,887,1278,2120,1625,"Tuesday"
"924",2021-04-28,1681,1624,595,904,1679,1106,"Wednesday"
"925",2021-05-01,1846,1552,937,1098,2164,1778,"Saturday"
"926",2021-05-02,1563,1184,643,880,1769,1718,"Sunday"
"927",2021-05-03,1254,965,472,711,1257,1300,"Monday"
"928",2021-05-04,1611,1595,604,866,1736,1090,"Tuesday"
"929",2021-05-05,1759,1790,619,954,1676,1177,"Wednesday"
"930",2021-05-06,1983,1967,755,1140,1927,1329,"Thursday"
"931",2021-05-07,2086,2005,890,1135,2093,1613,"Friday"
"932",2021-05-08,1393,995,456,525,1423,1182,"Saturday"
"933",2021-05-09,1718,1260,836,1042,1927,1770,"Sunday"
"934",2021-05-10,1780,1741,693,997,1814,1261,"Monday"
"935",2021-05-11,2145,2168,871,1217,2117,1568,"Tuesday"
"936",2021-05-12,2261,2184,830,1253,2228,1513,"Wednesday"
"937",2021-05-13,1882,1882,698,981,1782,1211,"Thursday"
"938",2021-05-14,2140,1958,878,1101,2177,1484,"Friday"
"939",2021-05-15,1562,1108,530,807,1702,1561,"Saturday"
"940",2021-05-16,1052,696,309,488,1059,823,"Sunday"
"941",2021-05-17,1629,1627,617,820,1701,1092,"Monday"
"942",2021-05-18,2049,2117,829,1154,2241,1466,"Tuesday"
"943",2021-05-19,2136,2031,872,1173,2139,1637,"Wednesday"
"944",2021-05-20,2101,2129,807,1241,2100,1409,"Thursday"
"945",2021-05-21,1647,1568,611,791,1532,1042,"Friday"
"946",2021-05-22,1821,1256,697,946,1831,1921,"Saturday"
"947",2021-05-23,1511,1057,507,683,1308,1190,"Sunday"
"948",2021-05-24,1657,1670,681,891,1596,1061,"Monday"
"949",2021-05-25,2121,2256,903,1268,2165,1560,"Tuesday"
"950",2021-05-26,2438,2441,926,1384,2496,1762,"Wednesday"
"951",2021-05-27,2595,2675,1039,1510,2638,2067,"Thursday"
"952",2021-05-28,2256,2196,1058,1340,2333,1831,"Friday"
"953",2021-06-01,2580,2392,1292,1669,2757,2923,"Tuesday"
"954",2021-06-02,2958,2751,1233,1654,2795,2920,"Wednesday"
"955",2021-06-03,2950,2758,1309,1926,2965,2720,"Thursday"
"956",2021-06-04,1687,1528,680,800,1522,1125,"Friday"
"957",2021-06-05,2585,2500,1233,1708,2977,3540,"Saturday"
"958",2021-06-06,2115,1925,989,1276,2176,2456,"Sunday"
"959",2021-06-07,2416,2406,995,1459,2618,2013,"Monday"
"960",2021-06-08,2905,2774,1236,1634,2939,2233,"Tuesday"
"961",2021-06-09,2903,2877,1263,1763,3143,2351,"Wednesday"
"962",2021-06-10,2878,2833,1341,1715,2956,2316,"Thursday"
"963",2021-06-11,2795,2477,1223,1518,3101,2256,"Friday"
"964",2021-06-12,2640,2163,1382,1734,3135,3320,"Saturday"
"965",2021-06-13,2332,1819,1034,1260,2424,2415,"Sunday"
"966",2021-06-14,2448,2494,1118,1499,2581,2129,"Monday"
"967",2021-06-15,2729,2620,1118,1522,2836,2212,"Tuesday"
"968",2021-06-16,2877,2908,1190,1762,2875,2104,"Wednesday"
"969",2021-06-17,2160,2184,864,1216,2299,1641,"Thursday"
"970",2021-06-18,1450,1244,484,637,1454,816,"Friday"
"971",2021-06-19,1924,1709,884,1056,2135,2063,"Saturday"
"972",2021-06-20,1625,1257,640,685,1628,1613,"Sunday"
"973",2021-06-21,1447,1454,589,799,1387,872,"Monday"
"974",2021-06-22,2430,2488,1117,1471,2536,1767,"Tuesday"
"975",2021-06-23,2811,2875,1250,1790,2702,2211,"Wednesday"
"976",2021-06-24,2641,2806,1221,1651,2792,2194,"Thursday"
"977",2021-06-25,2529,2413,1071,1370,2529,2038,"Friday"
"978",2021-06-26,2592,2118,1183,1698,2719,2979,"Saturday"
"979",2021-06-27,1557,1358,701,849,1635,1814,"Sunday"
"980",2021-06-28,1973,1916,831,1032,1972,1427,"Monday"
"981",2021-07-01,2770,2830,1277,1681,2748,2183,"Thursday"
"982",2021-07-02,2582,2487,1232,1456,2565,2268,"Friday"
"983",2021-07-03,2216,1906,986,1195,2231,2335,"Saturday"
"984",2021-07-04,1672,1387,868,1017,1840,1794,"Sunday"
"985",2021-07-05,1858,2108,958,1322,2064,1540,"Monday"
"986",2021-07-06,1750,1785,724,1002,1684,1095,"Tuesday"
"987",2021-07-07,2656,2607,1175,1556,2616,1994,"Wednesday"
"988",2021-07-08,2720,2592,1072,1552,2496,2076,"Thursday"
"989",2021-07-09,2437,2453,1081,1387,2648,2224,"Friday"
"990",2021-07-10,2186,1756,898,1080,2335,2514,"Saturday"
"991",2021-07-11,2136,1705,993,1267,2018,3171,"Sunday"
"992",2021-07-12,1856,1714,801,1090,1729,1514,"Monday"
"993",2021-07-13,2523,2432,1162,1684,2435,1972,"Tuesday"
"994",2021-07-14,2714,2512,1234,1578,2542,2326,"Wednesday"
"995",2021-07-15,2700,2661,1258,1708,2571,2148,"Thursday"
"996",2021-07-16,2577,2387,1130,1494,2677,2237,"Friday"
"997",2021-07-17,2423,1911,1460,1689,2742,3087,"Saturday"
"998",2021-07-18,2044,1600,1132,1426,2554,2568,"Sunday"
"999",2021-07-19,2498,2303,1083,1385,2483,2006,"Monday"
"1000",2021-07-20,2618,2491,1166,1516,2642,2096,"Tuesday"
"1001",2021-07-21,2855,2911,1270,1862,2929,2507,"Wednesday"
"1002",2021-07-22,3038,2996,1428,1948,2960,2499,"Thursday"
"1003",2021-07-23,2869,2490,1244,1751,2663,2716,"Friday"
"1004",2021-07-24,2028,1489,932,1003,2171,2554,"Saturday"
"1005",2021-07-25,1055,870,574,588,1196,1191,"Sunday"
"1006",2021-07-26,2195,2408,1083,1353,2241,2175,"Monday"
"1007",2021-07-27,2513,2474,1070,1488,2599,2142,"Tuesday"
"1008",2021-07-28,1923,2001,747,1142,2021,1489,"Wednesday"
"1009",2021-08-01,1928,1698,977,1071,1996,2565,"Sunday"
"1010",2021-08-02,2126,2064,1020,1289,2353,2054,"Monday"
"1011",2021-08-03,2603,2459,1207,1654,2589,2216,"Tuesday"
"1012",2021-08-04,2744,2845,1431,1901,2941,2520,"Wednesday"
"1013",2021-08-05,2282,2414,1168,1593,2287,1816,"Thursday"
"1014",2021-08-06,2081,1890,1024,1247,2100,1844,"Friday"
"1015",2021-08-07,1322,1191,643,808,1527,1692,"Saturday"
"1016",2021-08-08,1292,1105,707,798,1469,1562,"Sunday"
"1017",2021-08-09,1542,1342,690,885,1507,1146,"Monday"
"1018",2021-08-10,2635,2758,1267,1905,2529,2213,"Tuesday"
"1019",2021-08-11,2703,2905,1545,1771,2675,2385,"Wednesday"
"1020",2021-08-12,2517,2716,1299,1738,2529,2374,"Thursday"
"1021",2021-08-13,2360,2199,1100,1409,2492,2222,"Friday"
"1022",2021-08-14,2101,2048,1148,1489,2557,2885,"Saturday"
"1023",2021-08-15,1774,1695,915,1292,2025,2481,"Sunday"
"1024",2021-08-16,2202,2144,1039,1265,2384,1871,"Monday"
"1025",2021-08-17,2398,2350,1138,1489,2395,1923,"Tuesday"
"1026",2021-08-18,2683,2825,1308,1638,2647,2181,"Wednesday"
"1027",2021-08-19,2703,2803,1327,1702,2489,2328,"Thursday"
"1028",2021-08-20,2503,2508,1131,1381,2521,2305,"Friday"
"1029",2021-08-21,1853,1648,866,1149,2215,2404,"Saturday"
"1030",2021-08-22,1710,1462,1047,1096,2083,2124,"Sunday"
"1031",2021-08-23,2346,2218,1213,1416,2313,2002,"Monday"
"1032",2021-08-24,2492,2573,1220,1671,2579,2268,"Tuesday"
"1033",2021-08-25,2850,2832,1195,1696,2797,2333,"Wednesday"
"1034",2021-08-26,2726,2780,1196,1665,2563,2028,"Thursday"
"1035",2021-08-27,2564,2551,1175,1580,2475,2138,"Friday"
"1036",2021-08-28,1911,1711,936,1293,2220,2551,"Saturday"
"1037",2021-09-01,2645,2712,1276,1688,2472,2091,"Wednesday"
"1038",2021-09-02,2711,3052,1234,1678,2669,2124,"Thursday"
"1039",2021-09-03,2500,2645,1286,1581,2491,2140,"Friday"
"1040",2021-09-04,2169,1813,1067,1167,2449,2483,"Saturday"
"1041",2021-09-05,2257,1805,1177,1502,2395,2745,"Sunday"
"1042",2021-09-06,2765,2819,1184,1673,2728,2201,"Monday"
"1043",2021-09-07,3330,3271,1496,2067,3018,2384,"Tuesday"
"1044",2021-09-08,3164,3302,1500,2108,3065,2686,"Wednesday"
"1045",2021-09-09,3007,3454,1447,1922,3065,2515,"Thursday"
"1046",2021-09-10,2742,2659,1250,1513,2666,2137,"Friday"
"1047",2021-09-11,2458,1893,1216,1379,2624,2813,"Saturday"
"1048",2021-09-12,2018,1589,1072,1229,2367,2432,"Sunday"
"1049",2021-09-13,2711,2856,1310,1663,2799,2237,"Monday"
"1050",2021-09-14,1661,1569,724,902,1656,1157,"Tuesday"
"1051",2021-09-15,3151,3306,1341,1933,2920,2460,"Wednesday"
"1052",2021-09-16,3236,3570,1453,1864,3255,2600,"Thursday"
"1053",2021-09-17,2892,2928,1377,1777,2900,2439,"Friday"
"1054",2021-09-18,2436,2007,1294,1811,2771,3411,"Saturday"
"1055",2021-09-19,1708,1330,780,984,1858,1728,"Sunday"
"1056",2021-09-20,2836,2734,1204,1727,2796,2339,"Monday"
"1057",2021-09-21,3611,3439,1447,2069,3366,2679,"Tuesday"
"1058",2021-09-22,3574,3592,1524,2096,3466,2783,"Wednesday"
"1059",2021-09-23,3383,3429,1471,2079,3161,2679,"Thursday"
"1060",2021-09-24,3250,2907,1427,1749,3257,2942,"Friday"
"1061",2021-09-25,2565,1918,1280,1404,2735,3198,"Saturday"
"1062",2021-09-26,2442,1613,1069,1319,2580,2716,"Sunday"
"1063",2021-09-27,2659,2202,968,1276,2804,1944,"Monday"
"1064",2021-09-28,2750,2822,1065,1670,2590,1907,"Tuesday"
"1065",2021-10-01,2582,2311,1029,1324,2735,2053,"Friday"
"1066",2021-10-02,1196,842,470,414,1238,851,"Saturday"
"1067",2021-10-03,1804,1266,1111,994,2020,1820,"Sunday"
"1068",2021-10-04,2482,2334,863,1384,2746,1891,"Monday"
"1069",2021-10-05,2955,2943,1104,1774,3131,2188,"Tuesday"
"1070",2021-10-06,3475,3403,1355,1979,3418,2564,"Wednesday"
"1071",2021-10-07,3344,3436,1282,1915,3651,2414,"Thursday"
"1072",2021-10-08,3016,2746,1081,1667,3161,2445,"Friday"
"1073",2021-10-09,2613,2253,1266,1580,2972,3045,"Saturday"
"1074",2021-10-10,2168,1418,980,1137,2385,2074,"Sunday"
"1075",2021-10-11,2890,2777,1144,1794,3104,2392,"Monday"
"1076",2021-10-12,3313,3293,1296,2071,3435,2406,"Tuesday"
"1077",2021-10-13,3440,3357,1294,2083,3511,2655,"Wednesday"
"1078",2021-10-14,3516,3518,1286,2062,3660,2772,"Thursday"
"1079",2021-10-15,3169,2628,1256,1651,3261,2661,"Friday"
"1080",2021-10-16,2392,1553,817,1117,2362,2364,"Saturday"
"1081",2021-10-17,2155,1447,869,981,2217,2014,"Sunday"
"1082",2021-10-18,2660,2476,1017,1439,2953,1966,"Monday"
"1083",2021-10-19,3234,3040,1207,1857,3317,2258,"Tuesday"
"1084",2021-10-20,3132,2928,1139,1740,3109,2197,"Wednesday"
"1085",2021-10-21,3083,3048,1194,1834,3397,2276,"Thursday"
"1086",2021-10-22,2915,2681,1097,1407,3201,2187,"Friday"
"1087",2021-10-23,2272,1825,948,1202,2561,2471,"Saturday"
"1088",2021-10-24,2143,1545,913,1032,2217,2218,"Sunday"
"1089",2021-10-25,2531,2294,1050,1637,2884,2225,"Monday"
"1090",2021-10-26,3099,2785,1192,1878,3293,2512,"Tuesday"
"1091",2021-10-27,3210,2918,1246,1935,3279,2705,"Wednesday"
"1092",2021-10-28,3321,3262,1448,2078,3456,2661,"Thursday"
"1093",2021-11-01,2679,2486,1023,1559,2920,1954,"Monday"
"1094",2021-11-02,3052,3007,1182,1820,3157,1943,"Tuesday"
"1095",2021-11-03,3095,2958,1128,1875,3217,1962,"Wednesday"
"1096",2021-11-04,3088,2932,1100,1867,3110,1935,"Thursday"
"1097",2021-11-05,2661,2440,997,1515,2916,1920,"Friday"
"1098",2021-11-06,1935,1637,809,1040,2098,2055,"Saturday"
"1099",2021-11-07,1810,1201,734,819,1915,1712,"Sunday"
"1100",2021-11-08,2685,2456,912,1598,2708,1765,"Monday"
"1101",2021-11-09,3044,3015,1196,1954,3166,2195,"Tuesday"
"1102",2021-11-10,2658,2660,1025,1617,2696,1860,"Wednesday"
"1103",2021-11-11,3147,3148,1185,1962,3193,2436,"Thursday"
"1104",2021-11-12,2558,2153,1045,1378,2635,1925,"Friday"
"1105",2021-11-13,2223,1569,815,1422,2442,2577,"Saturday"
"1106",2021-11-14,1929,1263,722,876,1908,1846,"Sunday"
"1107",2021-11-15,2595,2485,1016,1562,2899,1965,"Monday"
"1108",2021-11-16,2939,3016,1072,1900,3182,2242,"Tuesday"
"1109",2021-11-17,3207,3010,1171,1892,3110,2264,"Wednesday"
"1110",2021-11-18,3352,3283,1217,1935,3354,2305,"Thursday"
"1111",2021-11-19,2834,2571,977,1459,3064,2343,"Friday"
"1112",2021-11-20,2204,1725,745,1036,2389,2391,"Saturday"
"1113",2021-11-21,1728,1217,575,780,1832,1685,"Sunday"
"1114",2021-11-22,2531,2325,858,1436,2684,1860,"Monday"
"1115",2021-11-23,2873,2755,1064,1660,3059,2118,"Tuesday"
"1116",2021-11-24,3016,2958,1095,1808,2989,2111,"Wednesday"
"1117",2021-11-25,3037,3023,1142,1759,3048,2249,"Thursday"
"1118",2021-11-26,2612,2613,976,1403,3237,2229,"Friday"
"1119",2021-11-27,1197,901,365,388,1255,1018,"Saturday"
"1120",2021-11-28,1316,875,385,572,1281,1138,"Sunday"
"1121",2021-12-01,2612,2567,940,1530,2636,1774,"Wednesday"
"1122",2021-12-02,2740,2764,998,1580,2765,1909,"Thursday"
"1123",2021-12-03,2399,2257,869,1219,2446,1959,"Friday"
"1124",2021-12-04,1746,1393,667,798,1814,1758,"Saturday"
"1125",2021-12-05,1147,750,385,427,1134,845,"Sunday"
"1126",2021-12-06,2053,1993,726,1172,2195,1392,"Monday"
"1127",2021-12-07,2223,2188,734,1278,2161,1392,"Tuesday"
"1128",2021-12-08,2678,2703,927,1429,2674,1858,"Wednesday"
"1129",2021-12-09,2687,2543,1012,1461,2738,1877,"Thursday"
"1130",2021-12-10,2345,2162,879,1288,2581,1831,"Friday"
"1131",2021-12-11,1383,1002,496,584,1525,1285,"Saturday"
"1132",2021-12-12,1491,1048,462,653,1538,1324,"Sunday"
"1133",2021-12-13,1970,1753,706,1084,2150,1386,"Monday"
"1134",2021-12-14,2161,1915,795,1174,2327,1508,"Tuesday"
"1135",2021-12-15,2074,1922,766,1124,2301,1523,"Wednesday"
"1136",2021-12-16,2031,1832,778,1092,2096,1438,"Thursday"
"1137",2021-12-17,1720,1582,611,862,1995,1448,"Friday"
"1138",2021-12-18,1487,1355,586,856,1999,1879,"Saturday"
"1139",2021-12-19,1055,752,414,425,1273,1077,"Sunday"
"1140",2021-12-20,1309,1161,567,705,1568,1122,"Monday"
"1141",2021-12-21,1262,1167,517,678,1401,1094,"Tuesday"
"1142",2021-12-22,1191,1014,518,610,1293,945,"Wednesday"
"1143",2021-12-23,1127,990,467,504,1153,859,"Thursday"
"1144",2021-12-24,726,499,253,289,736,520,"Friday"
"1145",2021-12-25,753,475,605,960,1045,1161,"Saturday"
"1146",2021-12-26,356,245,222,297,511,548,"Sunday"
"1147",2021-12-27,525,417,210,321,718,566,"Monday"
"1148",2021-12-28,738,571,369,496,949,981,"Tuesday"
"1149",2022-01-01,1064,884,614,952,1471,1777,"Saturday"
"1150",2022-01-02,865,655,451,428,1080,1087,"Sunday"
"1151",2022-01-03,1080,803,478,599,1144,1270,"Monday"
"1152",2022-01-04,1185,1086,461,631,1151,651,"Tuesday"
"1153",2022-01-05,1438,1300,641,944,1570,1005,"Wednesday"
"1154",2022-01-06,1365,1401,600,786,1434,923,"Thursday"
"1155",2022-01-07,1408,1383,608,741,1444,1009,"Friday"
"1156",2022-01-08,786,543,249,276,832,646,"Saturday"
"1157",2022-01-09,1306,857,591,551,1343,1098,"Sunday"
"1158",2022-01-10,1784,1658,659,957,1926,1047,"Monday"
"1159",2022-01-11,1811,1687,651,1006,1848,1018,"Tuesday"
"1160",2022-01-12,2084,2060,816,1149,2172,1222,"Wednesday"
"1161",2022-01-13,2041,2068,789,1152,2219,1352,"Thursday"
"1162",2022-01-14,2070,1893,722,995,2122,1384,"Friday"
"1163",2022-01-15,1787,1340,676,708,1707,1553,"Saturday"
"1164",2022-01-16,1580,1091,648,638,1679,1243,"Sunday"
"1165",2022-01-17,2155,1952,786,1187,2369,1469,"Monday"
"1166",2022-01-18,2361,2164,859,1287,2329,1506,"Tuesday"
"1167",2022-01-19,2349,2242,851,1363,2387,1655,"Wednesday"
"1168",2022-01-20,2328,2321,887,1324,2555,1632,"Thursday"
"1169",2022-01-21,2098,1871,750,1054,2236,1464,"Friday"
"1170",2022-01-22,1753,1500,768,770,2022,1663,"Saturday"
"1171",2022-01-23,1592,1299,636,600,1670,1361,"Sunday"
"1172",2022-01-24,2119,2035,757,1152,2292,1419,"Monday"
"1173",2022-01-25,2391,2291,840,1482,2569,1734,"Tuesday"
"1174",2022-01-26,2484,2471,916,1454,2600,1769,"Wednesday"
"1175",2022-01-27,2491,2642,953,1528,2657,2028,"Thursday"
"1176",2022-01-28,2281,2247,774,1228,2422,1803,"Friday"
"1177",2022-02-01,2721,2819,1010,1684,3047,2042,"Tuesday"
"1178",2022-02-02,2747,2959,1103,1775,2783,2076,"Wednesday"
"1179",2022-02-03,2834,2989,1013,1852,3051,2182,"Thursday"
"1180",2022-02-04,2112,2007,815,1076,2225,1502,"Friday"
"1181",2022-02-05,1830,1448,876,894,1897,1691,"Saturday"
"1182",2022-02-06,1423,1062,495,586,1463,1041,"Sunday"
"1183",2022-02-07,2500,2394,866,1440,2634,1602,"Monday"
"1184",2022-02-08,2786,2910,1056,1717,3047,2141,"Tuesday"
"1185",2022-02-09,2970,3032,1090,1858,2938,2045,"Wednesday"
"1186",2022-02-10,3077,3176,1170,1863,3065,2089,"Thursday"
"1187",2022-02-11,2507,2260,916,1253,2588,1850,"Friday"
"1188",2022-02-12,1747,1367,880,943,1919,1537,"Saturday"
"1189",2022-02-13,1040,668,314,418,993,747,"Sunday"
"1190",2022-02-14,2067,1886,801,1171,2170,1247,"Monday"
"1191",2022-02-15,2184,2113,755,1286,1900,1238,"Tuesday"
"1192",2022-02-16,2410,2391,934,1294,2294,1555,"Wednesday"
"1193",2022-02-17,2666,2684,1034,1428,2489,1899,"Thursday"
"1194",2022-02-18,1263,1160,460,607,1256,726,"Friday"
"1195",2022-02-19,1170,803,462,445,1247,874,"Saturday"
"1196",2022-02-20,1104,730,414,459,1131,832,"Sunday"
"1197",2022-02-21,1981,1817,785,982,2042,1217,"Monday"
"1198",2022-02-22,2681,2723,1011,1610,2590,1763,"Tuesday"
"1199",2022-02-23,2902,2952,1148,1762,2978,1912,"Wednesday"
"1200",2022-02-24,2352,2320,826,1315,2548,1504,"Thursday"
"1201",2022-02-25,2442,2399,984,1468,2854,1941,"Friday"
"1202",2022-02-26,2016,1471,873,1162,2151,2050,"Saturday"
"1203",2022-02-27,1655,1072,804,972,1641,1577,"Sunday"
"1204",2022-02-28,2333,2239,838,1443,2439,1525,"Monday"
"1205",2022-03-01,3090,4125,1744,2369,3795,2948,"Tuesday"
"1206",2022-03-02,2583,2861,1119,1644,2597,1728,"Wednesday"
"1207",2022-03-03,4615,6291,2456,3446,5559,4340,"Thursday"
"1208",2022-03-04,2514,2742,1072,1517,2959,2014,"Friday"
"1209",2022-03-05,1669,1136,615,758,1790,1466,"Saturday"
"1210",2022-03-06,1578,1170,670,709,1536,1473,"Sunday"
"1211",2022-03-07,2444,2566,991,1523,2736,1703,"Monday"
"1212",2022-03-08,3121,3119,1179,2022,3278,2208,"Tuesday"
"1213",2022-03-09,3093,3178,1236,1961,3190,2181,"Wednesday"
"1214",2022-03-10,3197,3603,1224,2131,3538,2465,"Thursday"
"1215",2022-03-11,2187,2110,893,1172,2540,1564,"Friday"
"1216",2022-03-12,2060,1625,1124,1131,2205,2060,"Saturday"
"1217",2022-03-13,1557,1048,582,642,1646,1423,"Sunday"
"1218",2022-03-14,2637,2610,1063,1521,2947,1969,"Monday"
"1219",2022-03-15,3134,3264,1267,1951,3521,2394,"Tuesday"
"1220",2022-03-16,2308,2362,844,1467,2330,1444,"Wednesday"
"1221",2022-03-17,3533,3340,1244,2044,3387,2374,"Thursday"
"1222",2022-03-18,2844,2762,1146,1664,3319,2417,"Friday"
"1223",2022-03-19,2289,1663,1028,1397,2641,2178,"Saturday"
"1224",2022-03-20,1849,1354,801,1026,2278,1785,"Sunday"
"1225",2022-03-21,2848,2667,1015,1809,3086,2230,"Monday"
"1226",2022-03-22,3123,3238,1299,2272,3651,2407,"Tuesday"
"1227",2022-03-23,3360,3384,1283,2211,3495,2696,"Wednesday"
"1228",2022-03-24,3349,3405,1379,2290,3810,2703,"Thursday"
"1229",2022-03-25,2904,2711,1310,1923,3298,2830,"Friday"
"1230",2022-03-26,2688,2034,1509,1841,3066,3365,"Saturday"
"1231",2022-03-27,1687,1225,779,977,1802,1589,"Sunday"
"1232",2022-03-28,2638,2629,1030,1545,2699,2049,"Monday"
"1233",2022-04-01,2204,1976,822,1211,2214,1632,"Friday"
"1234",2022-04-02,1580,1275,677,864,1785,1663,"Saturday"
"1235",2022-04-03,1505,1339,779,900,1698,1551,"Sunday"
"1236",2022-04-04,1860,1746,666,1007,1937,1230,"Monday"
"1237",2022-04-05,2796,2794,1060,1780,2597,1976,"Tuesday"
"1238",2022-04-06,2374,2442,847,1443,2156,1484,"Wednesday"
"1239",2022-04-07,2757,2928,1024,1642,2617,1749,"Thursday"
"1240",2022-04-08,2418,2235,970,1316,2406,1758,"Friday"
"1241",2022-04-09,2043,1536,846,1220,2070,1932,"Saturday"
"1242",2022-04-10,1764,1261,910,1045,2023,1890,"Sunday"
"1243",2022-04-11,2629,2568,1204,1649,2675,1935,"Monday"
"1244",2022-04-12,3075,2981,1182,2028,3027,2127,"Tuesday"
"1245",2022-04-13,2964,3128,1225,1983,2857,2331,"Wednesday"
"1246",2022-04-14,2943,2977,1439,2011,2904,2551,"Thursday"
"1247",2022-04-15,1974,1914,1264,1512,2638,3151,"Friday"
"1248",2022-04-16,1861,1846,1275,1577,2629,3131,"Saturday"
"1249",2022-04-17,1640,1547,1405,1387,2433,2585,"Sunday"
"1250",2022-04-18,1811,1397,972,1167,2592,2387,"Monday"
"1251",2022-04-19,2862,2814,1174,1766,2740,2022,"Tuesday"
"1252",2022-04-20,3343,3320,1311,2087,3117,2481,"Wednesday"
"1253",2022-04-21,3533,3523,1438,2180,3331,2649,"Thursday"
"1254",2022-04-22,2718,2636,1104,1532,2588,2130,"Friday"
"1255",2022-04-23,2173,1608,942,1214,2400,2285,"Saturday"
"1256",2022-04-24,1965,1456,1113,1194,2191,2230,"Sunday"
"1257",2022-04-25,2756,2727,1062,1796,2696,1858,"Monday"
"1258",2022-04-26,3380,3414,1308,2271,3319,2332,"Tuesday"
"1259",2022-04-27,3327,3384,1253,2076,3148,2169,"Wednesday"
"1260",2022-04-28,3298,3681,1330,2163,3445,2284,"Thursday"
"1261",2022-05-01,1707,1417,947,943,2007,1955,"Sunday"
"1262",2022-05-02,1912,1587,1020,1205,2349,2382,"Monday"
"1263",2022-05-03,3202,3210,1258,2071,3361,2365,"Tuesday"
"1264",2022-05-04,3151,3051,1054,1992,3093,2166,"Wednesday"
"1265",2022-05-05,3652,3702,1513,2355,3864,2753,"Thursday"
"1266",2022-05-06,3131,2995,1343,1899,3204,2677,"Friday"
"1267",2022-05-07,2311,1712,1124,1223,2509,2841,"Saturday"
"1268",2022-05-08,2308,1670,1140,1232,2647,2485,"Sunday"
"1269",2022-05-09,3123,3051,1235,1989,3174,2336,"Monday"
"1270",2022-05-10,3406,3465,1324,2187,3455,2585,"Tuesday"
"1271",2022-05-11,2866,3040,1112,1742,2735,1874,"Wednesday"
"1272",2022-05-12,3604,3692,1377,2182,3697,2601,"Thursday"
"1273",2022-05-13,2988,3059,1291,1842,3245,2470,"Friday"
"1274",2022-05-14,2757,2107,1371,1830,3149,3382,"Saturday"
"1275",2022-05-15,1548,929,624,621,1680,1470,"Sunday"
"1276",2022-05-16,2993,2868,1202,1856,3021,2327,"Monday"
"1277",2022-05-17,3657,3717,1596,2478,3567,2715,"Tuesday"
"1278",2022-05-18,3660,3825,1494,2251,3595,2646,"Wednesday"
"1279",2022-05-19,3669,3720,1460,2279,3620,2866,"Thursday"
"1280",2022-05-20,2480,2406,974,1304,2508,1817,"Friday"
"1281",2022-05-21,2303,1916,1161,1292,2555,2899,"Saturday"
"1282",2022-05-22,2412,1641,1163,1398,2402,2695,"Sunday"
"1283",2022-05-23,2784,2870,1289,1776,2966,2245,"Monday"
"1284",2022-05-24,2963,2810,1091,1705,2780,1908,"Tuesday"
"1285",2022-05-25,3422,3399,1354,1991,3207,2250,"Wednesday"
"1286",2022-05-26,3581,3578,1339,2093,3603,2535,"Thursday"
"1287",2022-05-27,2956,3054,1300,1765,3245,2753,"Friday"
"1288",2022-05-28,2351,1838,1047,1297,2384,2514,"Saturday"
"1289",2022-06-01,2888,2862,1218,1776,3124,2269,"Wednesday"
"1290",2022-06-02,2007,1679,1327,1490,2768,3411,"Thursday"
"1291",2022-06-03,2037,1594,1252,1575,2457,2799,"Friday"
"1292",2022-06-04,1677,1210,870,939,2352,2331,"Saturday"
"1293",2022-06-05,1217,833,524,594,1600,1796,"Sunday"
"1294",2022-06-06,3090,3442,1813,2262,4037,3320,"Monday"
"1295",2022-06-07,3286,3564,1486,2226,3299,2505,"Tuesday"
"1296",2022-06-08,3308,3542,1420,2002,3349,2406,"Wednesday"
"1297",2022-06-09,3299,3693,1392,1969,3505,2522,"Thursday"
"1298",2022-06-10,2976,2934,1299,1612,3278,2692,"Friday"
"1299",2022-06-11,2337,2068,1251,1326,2648,2786,"Saturday"
"1300",2022-06-12,2124,1580,1092,1218,2354,2341,"Sunday"
"1301",2022-06-13,3073,3284,1410,1967,3087,2498,"Monday"
"1302",2022-06-14,3553,3716,1435,2394,3623,2906,"Tuesday"
"1303",2022-06-15,3664,3798,1543,2366,3403,2839,"Wednesday"
"1304",2022-06-16,3776,4000,1569,2359,3732,2804,"Thursday"
"1305",2022-06-17,3080,3197,1318,1948,3351,2772,"Friday"
"1306",2022-06-18,1879,1532,888,995,2025,2167,"Saturday"
"1307",2022-06-19,1728,1146,846,868,1775,1814,"Sunday"
"1308",2022-06-20,2976,3257,1362,2006,3072,2752,"Monday"
"1309",2022-06-21,4070,4047,2115,2664,4421,3482,"Tuesday"
"1310",2022-06-22,3880,3744,1833,2258,4062,3218,"Wednesday"
"1311",2022-06-23,3070,2906,1299,1784,3059,2397,"Thursday"
"1312",2022-06-24,3033,2779,1331,1709,3312,2502,"Friday"
"1313",2022-06-25,2418,1955,1285,1419,2588,2910,"Saturday"
"1314",2022-06-26,1949,1631,1102,1282,2480,2379,"Sunday"
"1315",2022-06-27,2660,3060,1217,1894,2949,2360,"Monday"
"1316",2022-06-28,3626,3644,1407,2169,3515,2779,"Tuesday"
"1317",2022-07-01,3011,2980,1296,1671,2966,2441,"Friday"
"1318",2022-07-02,2303,1704,1123,1270,2538,2937,"Saturday"
"1319",2022-07-03,2104,1407,1029,1216,2173,2111,"Sunday"
"1320",2022-07-04,2950,3128,1429,1993,3193,2679,"Monday"
"1321",2022-07-05,3522,3610,1570,2389,3359,2698,"Tuesday"
